order	ticker	F1_best	F5_best	mid_best
99	DHR	F1 SP002 [4] (price increase) | Comparable 2018 Period % Change Nine- Month Period Ended September 27, 2019 vs. Comparable 2018 Period Total sales growth (GAAP) 6.0 % 7.5 % Less the impact of: Acquisitions (1.0 )% (3.5 )% Currency exchange rates 1.5 % 3.0 % Core revenue growth (non-GAAP) 6.5 % 7.0 % Price increases in the segment contributed 1.0% to sales growth on a year-over-year basis during both the three and nine -month periods ended September 27, 2019 , and are reflected as a component of core revenue growth. Core sales of microscopy products grew during both the three and nine -month periods across most major product lines led by China and Japan in the three-month period and by North America, China, and other Asian markets in the nine -month period.	F5 SP001 [4] (discontinue) | The divestiture of these product lines did not represent a strategic shift with a major effect on the Company’s operations and financial results and therefore will not be reported as a discontinued operation. 12 Table of Contents The Company financed the Cytiva Acquisition with approximately $ 3.0 billion of proceeds from the March 1, 2019 underwritten public offerings of its Common Stock and Series A Mandatory Convertible Preferred Stock (“MCPS Series A”), approximately $ 10.8 billion of proceeds from the 2019 issuance of euro-denominated and U.S. dollar-denominated long-term debt, and approximately $ 6.9 billion from the aggregate of proceeds from commercial paper borrowings, borrowings under the Company’s Five-Year Facility (as defined below) and cash on hand.	F2 SP002 [9] (price increase,higher price,higher prices) | In addition, due to the highly competitive nature of the industries that we serve, the cost-containment efforts of our customers and the terms of certain contracts we are party to, when commodity prices rise we are not always able to pass along cost increases through higher prices. If we are unable to fully recover higher commodity costs through price increases or offset 26 these increases through cost reductions, or if there is a time delay between the increase in costs and our ability to recover or offset these costs, our margins and profitability could decline and our financial statements could be adversely affected. If we cannot adjust our manufacturing capacity or the purchases required for our manufacturing activities to reflect changes in market conditions and customer demand, our profitability may suffer.
100	IQV	F1 SP003 [4] (discontinue) | On February 13, 2019, the Company’s Board of Directors (the “Board”) increased the stock repurchase authorization under a previously approved equity repurchase program (the “Repurchase Program”) by $ 2.0 billion, which increased the total amount that has been authorized under the Repurchase Program to $ 7.725 billion since the plan’s inception in October 2013. The Repurchase Program does not obligate the Company to repurchase any particular amount of common stock, and it may be modified, extended, suspended or discontinued at any time. During the nine months ended September 30, 2019, the Company repurchased 4,785,803 shares of its common stock for approximately $ 690.3 million under the Repurchase Program.	F5 SP002 [4] (discontinue) | The Repurchase Program does not obligate us to repurchase any particular amount of common stock or vested in-the-money employee stock options, and it may be modified, suspended or discontinued at any time. The timing and amount of repurchases are determined by our management based on a variety of factors such as the market price of our common stock, our corporate requirements, and overall market conditions. Purchases of our common stock may be made in open market transactions effected through a broker-dealer at prevailing market prices, in block trades, or in privately negotiated transactions.	F2 SP002 [4] (migrate) | Revenues from time and material contracts are recognized based on hours as the services are provided. Revenues from fixed price ad hoc services and consulting contracts are recognized over the contract term based on the ratio of the number of hours incurred for services provided during the period compared to the total estimated hours to be incurred over the entire arrangement (hours-based). Technology services offerings meet the over time criterion, as another party would not need to substantially re-perform the work already completed to satisfy the remaining obligations if the services were migrated.
101	ABMD	F1 SP003 [4] (discontinue) | Under this stock repurchase program, the Company is authorized to repurchase shares through open market purchases, privately negotiated transactions or otherwise in accordance with applicable federal securities laws, including through Rule 10b5-1 trading plans and under Rule 10b-18 of the Securities Exchange Act of 1934 (the “Exchange Act”). The stock repurchase program has no time limit and may be suspended for periods or discontinued at any time. The Company is funding the stock repurchase program with its available cash and marketable securities.	F5 SP003 [4] (discontinue) | Under this stock repurchase program, the Company is authorized to repurchase shares through open market purchases, privately negotiated transactions or otherwise in accordance with applicable federal securities laws, including through Rule 10b5-1 trading plans and under Rule 10b-18 of the Exchange Act. The stock repurchase program has no time limit and may be suspended for periods or discontinued at any time. The Company is funding the stock repurchase program with its available cash and marketable securities.	F3 SP003 [4] (discontinue) | Under this stock repurchase program, we are authorized to repurchase shares through open market purchases, privately negotiated transactions or otherwise in accordance with applicable federal securities laws, including through Rule 10b5-1 trading plans and under Rule 10b-18 of the Securities Exchange Act of 1934 (the “Exchange Act”). The stock repurchase program has no time limit and may be suspended for periods or discontinued at any time. We have funded the stock repurchase program with our available cash and marketable securities.
102	MDT	F1 SP002 [4] (discontinue) | No components of the hedge contracts were excluded in the measurement of hedge effectiveness, and no forward contracts designated as cash flow hedges were derecognized or discontinued during the three months ended July 26, 2019 and July 27, 2018 . The amount of the gains (losses) recognized in AOCI related to the currency exchange rate contract derivative instruments designated as cash flow hedges for the three months ended July 26, 2019 and July 27, 2018 were as follows: Three months ended (in millions) July 26, 2019 July 27, 2018 Currency exchange rate contracts $ 27 $ 270 The amount of the gains (losses) recognized in the consolidated statements of income related to derivative instruments designated as cash flow hedges for the three months ended July 26, 2019 and July 27, 2018 were as follows: Three months ended July 26, 2019 July 27, 2018 (in millions) Other operating (income) expens	F5 SP002 [4] (discontinue) | No components of the hedge contracts were excluded in the measurement of hedge effectiveness, and no forward contracts designated as cash flow hedges were derecognized or discontinued during the three months ended July 31, 2020 and July 26, 2019. The amount of the (gains) losses recognized in accumulated other comprehensive loss (AOCI) related to the currency exchange rate contract derivative instruments designated as cash flow hedges for the three months ended July 31, 2020 and July 26, 2019 were as follows: Three months ended (in millions) July 31, 2020 July 26, 2019 Currency exchange rate contracts $ 389 $ ( 27 ) The amount of the (gains) losses recognized in the consolidated statements of income related to derivative instruments designated as cash flow hedges for the three months ended July 31, 2020 and July 26, 2019 were as follows: Three months ended July 31, 2020 July 26, 2019 (in	F4 SP003 [4] (discontinue) | Amounts excluded from the measurement of hedge effectiveness are recognized in earnings in the current period. The cash flows related to all of the Company's derivative instruments designated as cash flow hedges are reported as operating activities in the consolidated statements of cash flows. No components of the hedge contracts were excluded in the measurement of hedge effectiveness, and no forward contracts designated as cash flow hedges were derecognized or discontinued during fiscal years 2020, 2019, or 2018.
103	MCK	F1 SP001 [4] (discontinue) | 40 Table of Contents McKESSON CORPORATION FINANCIAL REVIEW (CONTINUED) (UNAUDITED) RESULTS OF OPERATIONS Overview of Consolidated Results: (Dollars in millions, except per share data) Quarter Ended September 30, Six Months Ended September 30, 2019 2018 Change 2019 2018 Change Revenues $ 57,616 $ 53,075 9 % $ 113,344 $ 105,682 7 % Gross Profit $ 2,867 $ 2,804 2 $ 5,654 $ 5,583 1 Gross Profit Margin 4.98 % 5.28 % (30 ) bp 4.99 % 5.28 % (29 ) bp Operating Expenses: Operating Expenses $ (2,196 ) $ (2,033 ) 8 % $ (4,326 ) $ (4,063 ) 6 % Goodwill Impairment Charges — — — — (570 ) (100 ) Restructuring, Impairment and Related Charges (45 ) (82 ) (45 ) (68 ) (178 ) (62 ) Total Operating Expenses $ (2,241 ) $ (2,115 ) 6 % $ (4,394 ) $ (4,811 ) (9 ) % Operating Expenses as a Percentage of Revenues 3.89 % 3.98 % (9 ) bp 3.88 % 4.55 % (67 ) bp Other Income (Expense), Net $ (78 ) $ 20 (490 ) % $ (41 )	F5 SP001 [4] (price increase) | Revenues were unfavorably impacted for the six months ended September 30, 2020 due to reduced customer demand as a result of COVID-19, which drove declines in pharmaceutical distribution volumes across our businesses largely during the first quarter of 2021. Market growth includes growing drug utilization, price increases and newly launched products, partially offset by price deflation associated with branded to generic drug conversion. Gross Profit Gross profit increased for the three months ended September 30, 2020 compared to the same prior year period primarily due to increased demand for COVID-19 tests in our Medical-Surgical Solutions segment and growth of specialty pharmaceuticals in our U.S.	F3 SP004 [5] (rebate,pass-through) | The Company evaluates the amounts due from suppliers on a continual basis and adjusts the reserve estimates when appropriate based on changes in facts and circumstances. Adjustments to supplier reserves are generally included in cost of sales unless consideration from the vendor is in exchange for distinct goods or services or for pass-through rebate purchases. The ultimate outcome of any outstanding claims may be different than the Company’s estimate.
104	REGN	F1 SP003 [4] (discontinue) | Repurchases may be made from time to time at management’s discretion, and the timing and amount of any such repurchases will be determined based on share price, market conditions, legal requirements, and other relevant factors. The program has no time limit and can be discontinued at any time. No shares have been repurchased under the program to date, and there can be no assurance as to the timing or number of shares of any repurchases in the future.	F5 SP003 [4] (discontinue) | Repurchases may be made from time to time at management’s discretion, and the timing and amount of any such repurchases will be determined based on share price, market conditions, legal requirements, and other relevant factors. The program has no time limit and can be discontinued at any time. There can be no assurance as to the timing or number of shares of any repurchases in the future.	F2 SP002 [7] (price increase,rebate,discount,inflation) | in any pricing structure, calculated to include all sales and associated rebates, discounts, and other price concessions. The amount of the rebate is adjusted upward if average manufacture price increases more than inflation (measured by reference to the Consumer Price Index - Urban). If we become aware that our reporting for a prior quarter was incorrect, or has changed as a result of recalculation of the pricing data, we are obligated to resubmit the corrected data for up to three years after those data originally were due, which revisions could affect our rebate liability for prior quarters.
105	ALGN	F1 SP002 [7] (higher price,higher prices,higher asp,discount) | For the nine months ended September 30, 2019 , Americas net revenues increased by $81.4 million as compared to the same period in 2018 due to Invisalign case volume growth across all channels and products which contributed to the net revenue growth by $70.7 million and higher ASP which increased net revenues by $10.7 million. Higher ASP was mainly the result of higher prices across most products which increased net revenues $22.9 million and a product mix shift towards higher priced products, primarily driven by decreased SDC revenues, increased net revenues $15.2 million. The ASP increases were partially offset by higher deferrals which reduced net revenues by $13.5 million, higher promotional discounts that reduced net revenues by $11.2 million, and unfavorable foreign exchange rates which reduced net revenues by $3.9 million.	F5 SP002 [8] (average selling price,rebate,discount,list price,price reduction) | In addition, we sell a number of products at different list prices which may differ based on region or country. If we change volume-based discount programs that affect our average selling prices; if we introduce price reductions or consumer rebate programs; if we implement new or expand existing discount programs or participation in these programs increases; if our critical accounting estimates materially differ from actual behavior or results; or if our geographic, channel, or product mix shifts to lower priced products or to products that have a higher percentage of deferred revenue, our average selling prices would be adversely affected. Moreover, we may find that some programs are unsuccessful or, if successful, may drive demand in unexpected ways.	F3 SP002 [6] (price increase,higher asp,discount) | Clear Aligner - Americas For the three months ended March 31, 2020, Americas net revenues increased by $10.3 million as compared to the same period in 2019 primarily due to higher ASP, which increased net revenues by $9.9 million. Higher ASP was a result of July 2019 price increases across most products which contributed $14.1 million to the revenue growth, a product mix shift towards products with higher ASP, primarily driven by decreased SDC revenues which carried a lower ASP, which increased net revenues $7.6 million and lower net deferrals which increased net revenues by $4.7 million. The ASP increases were partially offset by higher promotional discounts that reduced net revenues by $14.6 million and unfavorable foreign exchange rates.
106	ABBV	F1 SP002 [4] (discontinue) | • In May 2019, the FDA approved VENCLEXTA, in combination with obinutuzumab, for adult patients with previously untreated CLL/SLL. The approval was based on data from the Phase 3 CLL14 trial, evaluating the efficacy and safety of VENCLEXTA plus obinutuzumab versus obinutuzumab plus chlorambucil in previously untreated patients with CLL, which demonstrated that VENCLEXTA plus obinutuzumab prolonged progression-free survival and achieved higher rates of complete response and minimal residual disease-negativity compared to commonly used standard of care obinutuzumab plus chlorambucil. Depatux-M • In May 2019, AbbVie announced the decision to discontinue the Phase 3 INTELLANCE-1 study of depatuxizumab mafodotin (Depatux-M, previously known as ABT-414) in patients with newly diagnosed glioblastoma, whose tumors have EGFR (epidermal growth factor receptor) amplification, at an interim analysis	F5 SP002 [4] (discontinue) | The program has no time limit and can be discontinued at any time. Shares repurchased under this program are recorded at acquisition cost, including related expenses, and are available for general corporate purposes. Under this authorization, AbbVie repurchased 6 million shares for $ 500 million during the nine months ended September 30, 2020 and 4 million shares for $ 300 million during the nine months ended September 30, 2019 .	F2 SP001 [5] (price increase,rebate) | AbbVie expects debate to continue during 2020 at all government levels worldwide over the marketing, availability, method of delivery and payment for health care products and services. AbbVie believes that future legislation and regulation in the markets it serves could affect access to health care products and services, increase rebates, reduce prices or the rate of price increases for health care products and services, change health care delivery systems, create new fees and obligations for the pharmaceuticals industry, or require additional reporting and disclosure. It is not possible to predict the extent to which AbbVie or the health care industry in general might be affected by the matters discussed above.
107	BIO	F1 SP004 [2] (wage,retire) | Mr. Wadler also alleged wrongful termination in violation of public policy, non-payment of wages and waiting time penalties in violation of the California Labor Code. The plaintiff sought back pay, compensatory damages for lost wages, earnings, retirement benefits and other employee benefits, compensation for mental pain and anguish and emotional distress, waiting time penalties, punitive damages, litigation costs (including attorneys’ fees) and reinstatement of employment.	F5 SP002 [5] (price increase,inflation) | Some of our competitors have merged, and some of our competitors have greater financial resources than we do, making them better equipped to license technologies and intellectual property from third parties or to fund research and development, manufacturing and marketing efforts. Moreover, competitive and regulatory conditions in many markets in which we operate restrict our ability to fully recover, through price increases, higher costs of acquired goods and services resulting from inflation and other drivers of cost increases. Many public tenders have become more competitive due to governments lengthening the commitments of their public tenders to multiple years, which reduce the number of tenders in which we can participate annually.	F3 SP004 [5] (surcharge,raw material) | On the supply side, we are experiencing challenges with the supply of raw materials and components used in the production of our products, with suppliers sheltering in place and otherwise unable to meet our increased demand for raw materials and inputs to manufacture our products being used in fighting the COVID-19 pandemic. In addition, we are experiencing transportation challenges in moving goods across regions, including reduced freight availability as many airlines have significantly scaled back flight operations and increased freight surcharges due to reduced freight capacity. Countries have closed their borders and imposed travel restrictions and may continue to impose measures that restrict the movement of our goods.
108	CI	F1 SP003 [4] (migration) | There is a twelve-month transition period ending March 1, 2020. The transition of Anthem’s customers is expected to occur at various dates, as informed by Anthem’s technology platform migration schedule. We will focus on an effective transition of this relationship and related services over Anthem’s accelerated timeline.	F5 SP001 [1] (reimbursement) | federal and state governments have increasingly enacted new regulatory requirements, as well as provided additional flexibility to industry participants. These regulatory actions primarily provide for: • client and customer premium relief to avoid the cancellation or non-renewal of policies; • mandating or requesting waiver of customer cost-sharing and other associated costs related to COVID-19 testing or treatment, as well as establishing provider reimbursement and future vaccine immunizations coverage requirements; • extending claims filing deadlines for providers, customers and facilities; • mandating or encouraging waiver of customer cost-share related to telemedicine services, as well as requiring certain reimbursement levels for telemedicine providers to encourage its utilization; • enacting coverage and reimbursement requirements at in-network levels for certain services received 	F3 SP002 [6] (higher price,higher prices,inflation) | The increase reflected the transition of Integrated Medical’s customers; higher prices, primarily due to increased inflation on branded drugs; and higher claims volume. This increase was partially offset by claims mix, due to the increase in the generic fill rate. Adjusted home delivery and specialty revenues.
109	VAR	F1 SP002 [4] (price increase) | Moreover, our failure to successfully manage the growth of an acquired businesses could have an adverse impact on the overall financial performance of our business. Factors that will affect the success of our acquisitions include: • our ability to retain key employees of the acquired businesses; • the performance of the acquired businesses and their technologies, products or services; • our ability to integrate the operations, financial and other systems of the acquired businesses; • the ability of the combined company to achieve synergies such as increasing sales of the combined company’s products and services, achieving expected cost savings and effectively combining technologies to develop new products and services; • any disruption in order fulfillment or loss of sales due to integration processes; • increases in our risk of litigation, as a third-party may be more likely to assert a	F5 SP003 [4] (discontinue) | These laws regulate many aspects of our operations, including our handling, storage, transport and disposal of hazardous materials. They can also impose cleanup liabilities, including with respect to discontinued operations. As a consequence, we can incur significant environmental costs and liabilities, some recurring and others not recurring.	F2 SP002 [4] (migration) | The amendment recognizes SOFR as a likely LIBOR replacement and supports the marketplace transition by adding the new reference rate as a benchmark interest rate. The Company has not executed interest rate hedges but adopted the amendment prospectively as the Company may consider interest rate hedges in the future. The Company is monitoring the LIBOR to SOFR migration and will coordinate the transition of outstanding LIBOR based debt and any related interest rate derivatives with counterparties when the market is liquid to ensure an orderly and efficient transition.
110	RMD	F1 SP002 [4] (discontinue) | Shares that are repurchased are classified as treasury stock pending future use and reduce the number of shares outstanding used in calculating earnings per share. There is no expiration date for this program, and the program may be accelerated, suspended, reinstated, delayed or discontinued at any time at the discretion of our board of directors. At September 30, 2019, 12.9 million additional shares can be repurchased under the approved share repurchase program.	F5 SP002 [4] (discontinue) | 2020-04, “Facilitation of the Effects of Reference Rate Reform on Financial Reporting” (Topic 848), which provides optional expedients and exceptions for applying U.S. GAAP to contracts, hedging relationships, and other transactions that reference LIBOR or another reference rate expected to be discontinued because of reference rate reform. The guidance is effective for us as of March 12, 2020 through December 31, 2022.	F2 SP002 [4] (discontinue) | Shares that are repurchased are classified as treasury stock pending future use and reduce the number of shares outstanding used in calculating earnings per share. There is no expiration date for this program, and the program may be accelerated, suspended, reinstated, delayed or discontinued at any time at the discretion of our board of directors. At December 31, 2019, 12.9 million additional shares can be repurchased under the approved share repurchase program.
111	PKI	F1 SP002 [4] (price increase) | We also ship our products through other carriers, including national trucking firms, overnight carrier services and the United States Postal Service. If one or more of the package delivery or import/export providers experiences a significant disruption in services or institutes a significant price increase, we may have to seek alternative providers and the delivery of our products could be prevented or delayed. Such events could cause us to incur increased shipping costs that could not be passed on to our customers, negatively impacting our profitability and our relationships with certain of our customers.	F5 SP002 [5] (discount,discontinue) | 8 Table of Contents PERKINELMER, INC. AND SUBSIDIARIES CONDENSED CONSOLIDATED STATEMENTS OF CASH FLOWS (Unaudited) Nine Months Ended October 4, 2020 September 29, 2019 (In thousands) Operating activities: Net income $ 347,526 $ 163,057 Loss from discontinued operations and dispositions, net of income taxes 138 147 Income from continuing operations 347,664 163,204 Adjustments to reconcile income from continuing operations to net cash provided by continuing operations: Stock-based compensation 19,770 25,105 Restructuring and other costs, net 11,075 27,868 Depreciation and amortization 182,521 157,117 Loss on disposition of businesses and assets, net 886 2,469 Change in fair value of contingent consideration ( 8,807 ) 4,399 Debt extinguishment costs — 471 Amortization of deferred debt financing costs and accretion of discounts 2,559 2,778 Amortization of acquired inventory revaluation 1,757	F2 SP002 [4] (discontinue) | Disposition of Businesses and Assets As part of our continuing efforts to focus on higher growth opportunities, we have discontinued certain businesses. When the discontinued operations represented a strategic shift that will have a major effect on our operations and financial statements, we accounted for these businesses as discontinued operations and accordingly, have presented the results of operations and related cash flows as discontinued operations. Any business deemed to be a discontinued operation prior to the adoption of Accounting Standards Update 2014-08, Reporting Discontinued Operations and Disclosures of Disposals of Components of An Entity, continues to be reported as a discontinued operation, and the results of operations and related cash flows are presented as discontinued operations for all periods presented.
112	PFE	F1 SP001 [7] (price increase,reimbursement,rebate,discount) | Patient Protection and Affordable Care Act, as amended by the Health Care and Education Reconciliation Act; • U.S. federal or state legislation or regulatory action and/or policy efforts affecting, among other things, pharmaceutical product pricing, intellectual property, reimbursement or access, including under Medicaid, Medicare and other publicly funded or subsidized health programs; patient out-of-pocket costs for medicines, manufacturer prices and/or price increases that could result in new mandatory rebates and discounts or other pricing restrictions; general budget control actions; the importation of prescription drugs from outside the U.S. at prices that are regulated by governments of various foreign countries; revisions to reimbursement of biopharmaceuticals under government programs; restrictions on U.S.	F5 SP001 [7] (price increase,reimbursement,rebate,discount) | Patient Protection and Affordable Care Act, as amended by the Health Care and Education Reconciliation Act; • U.S. federal or state legislation or regulatory action and/or policy efforts affecting, among other things, pharmaceutical product pricing, intellectual property, reimbursement or access, including under Medicaid, Medicare and other publicly funded or subsidized health programs; patient out-of-pocket costs for medicines, manufacturer prices and/or price increases that could result in new mandatory rebates and discounts or other pricing restrictions; general budget control actions; the importation of prescription drugs from outside the U.S. at prices that are regulated by governments of various foreign countries; revisions to reimbursement of biopharmaceuticals under government programs; restrictions on U.S.	F3 SP001 [7] (price increase,reimbursement,rebate,discount) | Patient Protection and Affordable Care Act, as amended by the Health Care and Education Reconciliation Act; • U.S. federal or state legislation or regulatory action and/or policy efforts affecting, among other things, pharmaceutical product pricing, intellectual property, reimbursement or access, including under Medicaid, Medicare and other publicly funded or subsidized health programs; patient out-of-pocket costs for medicines, manufacturer prices and/or price increases that could result in new mandatory rebates and discounts or other pricing restrictions; general budget control actions; the importation of prescription drugs from outside the U.S. at prices that are regulated by governments of various foreign countries; revisions to reimbursement of biopharmaceuticals under government programs; restrictions on U.S.
113	BDX	F1 SP002 [4] (pass-through) | Mortgage-backed securities consist of residential mortgage pass-through certificates. Investments in corporate bonds are diversified across industry and sector and consist of investment-grade, as well as high-yield debt instruments. U.S.	F5 SP003 [2] (wage,retire) | The Company recognizes pension settlements when payments from the plan exceed the sum of service and interest cost components of net periodic pension cost associated with the plan for the fiscal year. All components of the Company’s net periodic pension and postretirement benefit costs, aside from service cost, are recorded to Other income, net on its consolidated statements of income. 78 Table of Contents Notes to Consolidated Financial Statements — (Continued) Becton, Dickinson and Company The change in benefit obligation, change in fair value of pension plan assets, funded status and amounts recognized in the Consolidated Balance Sheets for these plans were as follows: Pension Plans (Millions of dollars) 2020 2019 Change in benefit obligation: Beginning obligation $ 3,731 $ 3,246 Service cost 153 134 Interest cost 84 107 Plan amendments — 3 Benefits paid ( 186 ) ( 153 ) Impact of acqu	F2 SP002 [2] (reimbursement,inflation) | • Regional, national and foreign economic factors, including inflation, deflation, and fluctuations in interest rates, and their potential effect on our operating performance. • Our ability to achieve our projected level or mix of product sales, as our earnings forecasts are based on projected sales volumes and pricing of many product types, some of which are more profitable than others. • Changes in reimbursement practices of governments or third-party payers, or adverse decisions relating to our products by such payers, which could reduce demand for our products or the price we can charge for such products.
114	ZTS	F1 SP002 [4] (discontinue) | • In anticipation of issuing fixed-rate debt, we may use forward-starting interest rate swaps that are designated as cash flow hedges to hedge against changes in interest rates that could impact expected future issuances of debt. Unrealized gains or losses on the forward-starting interest rate swaps are reported in Accumulated other comprehensive income/(loss) and are recognized in earnings over the life of the future fixed-rate notes. When the company discontinues hedge accounting because it is no longer probable that an anticipated transaction will occur within the originally expected period of execution, or within an additional two-month period thereafter, changes to fair value accumulated in other comprehensive income are recognized immediately in earnings.	F5 SP002 [4] (discontinue) | 2020-04, Reference Rate Reform (Topic 848): Facilitation of the Effects of Reference Rate Reform on Financial Reporting . The new guidance provides temporary optional expedients and exceptions for applying GAAP to contracts, hedging relationships, and other transactions that reference the London Interbank Offered Rate (LIBOR) or another reference rate expected to be discontinued because of reference rate reform. Adoption of the provisions of ASU 2020-04 is optional and effective as of March 12, 2020, but is only available through December 31, 2022.	F2 SP003 [4] (discontinue) | 0001555280 us-gaap:DisposalGroupDisposedOfBySaleNotDiscontinuedOperationsMember zts:GuarulhosBrazilMember
115	CVS	F1 SP002 [6] (rebate,list price,retire) | These putative class actions were filed against the Company and other PBMs and manufacturers of glucagon kits ( Bewley ) and diabetes test strips ( Prescott ) in May 2017. Both cases alleged that, by contracting for rebates with the manufacturers of these diabetes products, the Company and other PBMs caused list prices for these products to increase, thereby harming certain consumers. The plaintiffs’ primary claims were made under federal antitrust laws, RICO, state unfair competition and consumer protection laws and the federal Employee Retirement Income Security Act of 1974 (“ERISA”).	F5 SP002 [5] (rate increase,rate increases) | As a leading national health care company, the Company regularly is the subject of government actions of the types described above. These government actions may prevent or delay the Company from implementing planned premium rate increases and may result, and have resulted, in restrictions on the Company’s businesses, changes to or clarifications of the Company’s business practices, retroactive adjustments to premiums, refunds or other payments to members, beneficiaries, states or the federal government, withholding of premium payments to the Company by government agencies, assessments of damages, civil or criminal fines or penalties, or other sanctions, including the possible suspension or loss of licensure and/or suspension or exclusion from participation in government programs. The Company can give no assurance that its businesses, financial condition, operating results and/or cash flo	F2 SP003 [9] (discontinue,migration,retire) | • Medicare Part D has resulted in increased utilization of prescription medications and puts pressure on our pharmacy gross margin rates due to regulatory and competitive pressures. Further, as a result of the ACA and changes to the retiree drug subsidy rules, clients of our PBM business could decide to discontinue providing prescription drug benefits to their Medicare-eligible members. To the extent this phenomenon occurs, the adverse effects of increasing customer migration into Medicare Part D may outweigh the benefits we realize from growth of our Medicare Part D products.
116	LH	F1 SP003 [2] (average price,retire) | There were no preferred shares outstanding as of September 30, 2019 , and December 31, 2018 . The changes in common shares issued and held in treasury are summarized below: Issued Held in Treasury Outstanding Common shares at December 31, 2018 122.4 ( 23.5 ) 98.9 Common stock issued under employee stock plans 1.2 — 1.2 Surrender of restricted stock and performance share awards — ( 0.1 ) ( 0.1 ) Retirement of common stock ( 2.6 ) — ( 2.6 ) Retirement of treasury stock ( 23.6 ) 23.6 — Common shares at September 30, 2019 97.4 — 97.4 Share Repurchase Program At the end of 2018, the Company had outstanding authorization from the board of directors to purchase up to $ 443.5 of Company common stock. During January 2019, the Company purchased 0.8 shares of its common stock at an average price of $ 131.71 for a total cost of $ 100.1 under this plan.	F5 SP002 [2] (reimbursement,wage) | Laboratory 21 INDEX LABORATORY CORPORATION OF AMERICA HOLDINGS AND SUBSIDIARIES NOTES TO UNAUDITED CONDENSED CONSOLIDATED FINANCIAL STATEMENTS (dollars and shares in millions, except per share data) Corporation of America, filed in the Superior Court of California, County of Los Angeles Central District, alleging that certain Company practices violated California Labor Code penalty provisions related to unpaid and minimum wages, unpaid overtime, unpaid mean and rest break premiums, untimely payment of wages following separation of employment, failure to maintain accurate pay records, and non-reimbursement of business expenses. The second lawsuit seeks to recover civil penalties and recovery of attorney's fees and costs. The Company will vigorously defend both lawsuits.	F2 SP002 [6] (reimbursement,discount,list price) | Otherwise, the patient or third-party payer is billed at the Company's patient list price fee schedule, subject to third-party payer contract terms. Patient sales are recorded at the Company’s patient list price fee schedule, net of any discounts negotiated with physicians on behalf of their patients, or made available at a reduced charge or for free through charity care or an uninsured or underinsured patient program. Revenues received from Medicare and Medicaid billings are based on government-set fee schedules and reimbursement rules.
117	HUM	F1 SP001 [4] (pass through) | The Medicare Part D benefit design results in coverage that varies as a member’s cumulative out-of-pocket costs pass through successive stages of a member’s plan period, which begins annually on January 1 for renewals. These plan designs generally result in us sharing a greater portion of the responsibility for total prescription drug costs in the early stages and less in the latter stages. As a result, the PDP benefit ratio generally decreases as the year progresses.	F5 SP001 [4] (pass through) | The Medicare Part D benefit design results in coverage that varies as a member’s cumulative out-of-pocket costs pass through successive stages of a member’s plan period, which begins annually on January 1 for renewals. These plan designs generally result in us sharing a greater portion of the responsibility for total prescription drug costs in the early stages and less in the latter stages. As a result, the PDP benefit ratio generally decreases as the year progresses.	F2 SP001 [4] (pass through) | The Medicare Part D benefit design results in coverage that varies as a member’s cumulative out-of-pocket costs pass through successive stages of a member’s plan period, which begins annually on January 1 for renewals. These plan designs generally result in us sharing a greater portion of the responsibility for total prescription drug costs in the early stages and less in the latter stages. As a result, the PDP benefit ratio generally decreases as the year progresses.
118	ALXN	F1 SP002 [5] (higher price,reimbursement) | Due to the cost of our therapies, any potential increase in the number of patients receiving our products (for example, we expect there may be increases in sales of SOLIRIS for patients with NMOSD as we launch for that indication), may cause third-party payers to modify, limit or eliminate coverage or reimbursement for our products because they may require an allocation of a greater percentage of the potential financial resources of any public or private payer for our products. Further, health insurance programs may utilize coverage incentives and obstacles to discourage beneficiaries from using higher priced products such as ours, including: • establishing formularies under which only selected drugs are covered (which may exclude one or more of our products); • utilizing variable co-payments that make drugs that are not preferred by the payer more expensive for patients; and • utilizing	F5 SP001 [4] (higher price) | Further, health insurance programs may utilize coverage incentives and obstacles to discourage or prevent beneficiaries from using higher priced products such as ours, including: • establishing formularies under which only selected drugs are covered (which may exclude one or more of our products); • utilizing variable co-payments that make drugs that are not preferred by the payer more expensive for patients; and • utilizing management controls, such as requirements for prior authorization or failure first on another treatment. In countries where patients have access to insurance, their insurance co-payment amounts or other benefit limits may represent a barrier to obtaining or continuing use of our products or adoption of new treatment options, such as ULTOMIRIS and ANDEXXA. The imposition or continuation of the use of these types of limits or barriers by insurers or the imposition of s	F2 SP003 [6] (rebate,discount,discontinue) | In 2019, four customers accounted for 56.4% of our total revenues. If any one or more of these customers were to to require significant discounts or rebates, or were to discontinue purchasing our products (due to cost or otherwise), our results of operations may be materially and adversely impacted. Risks Related to Intellectual Property If we cannot obtain new patents, maintain our existing patents and protect the confidentiality and proprietary nature of our trade secrets and other intellectual property, our business and competitive position may be harmed .
119	UNH	F1 SP002 [1] (discount) | Commercial Paper and Bank Credit Facilities Commercial paper consists of short-duration, senior unsecured debt privately placed on a discount basis through broker-dealers. As of September 30, 2019 , the Company’s outstanding commercial paper had a weighted average annual interest rate of 2.2 % . The Company has $ 3.5 billion five-year, $ 3.5 billion three-year and $ 3.0 billion 364-day revolving bank credit facilities with 26 banks, which mature in December 2023 , December 2021 and December 2019 , respectively.	F5 SP003 [4] (rate increase) | Income Tax Rate Our effective tax rate increased primarily due to the impact of the return of the nondeductible Health Insurance Tax. 19 Table of Contents Reportable Segments See Note 8 of Notes to the Condensed Consolidated Financial Statements included in Part I, Item 1 of this report for more information on our segments. We utilize various metrics to evaluate and manage our reportable segments, including individuals served by UnitedHealthcare by major market segment and funding arrangement, people served by OptumHealth and adjusted scripts for OptumRx.	F3 SP002 [5] (rate increase,rate increases) | The Company believes that it will collect the timely principal and interest due on its debt securities that have an amortized cost in excess of fair value. The unrealized losses were primarily caused by interest rate increases and not by unfavorable changes in the credit quality associated with these securities that impacted our assessment on collectability of principal and interest. At each reporting period, the Company evaluates available-for-sale debt securities for any credit-related impairment when the fair value of the investment is less than its amortized cost.
120	COO	F1 SP001 [5] (rate increase,rate increases) | • Our existing indebtedness and associated interest expense, most of which is variable and impacted by rate increases, which could adversely affect our financial health or limit our ability to borrow additional funds. • Acquisition-related adverse effects including the failure to successfully obtain the anticipated revenues, margins and earnings benefits of acquisitions, integration delays or costs and the requirement to record significant adjustments to the preliminary fair value of assets acquired and liabilities assumed within the measurement period, required regulatory approvals for an acquisition not being obtained or being delayed or subject to conditions that are not anticipated, adverse impacts of changes to accounting controls and reporting procedures, contingent liabilities or indemnification obligations, increased leverage and lack of access to available financing (including f	F5 SP001 [5] (rate increase,rate increases) | • Our existing and future variable rate indebtedness and associated interest expense is impacted by rate increases, which could adversely affect our financial health or limit our ability to borrow additional funds. • Acquisition-related adverse effects including the failure to successfully obtain the anticipated net sales, margins and earnings benefits of acquisitions, integration delays or costs and the requirement to record significant adjustments to the preliminary fair value of assets acquired and liabilities assumed within the measurement period, required regulatory approvals for an acquisition not being obtained or being delayed or subject to conditions that are not anticipated, adverse impacts of changes to accounting controls and reporting procedures, contingent liabilities or indemnification obligations, increased leverage and lack of access to available financing (including fin	F2 SP001 [5] (rate increase,rate increases) | • Our existing indebtedness and associated interest expense, most of which is variable and impacted by rate increases, which could adversely affect our financial health or limit our ability to borrow additional funds. • Acquisition-related adverse effects including the failure to successfully obtain the anticipated revenues, margins and earnings benefits of acquisitions, integration delays or costs and the requirement to record significant adjustments to the preliminary fair value of assets acquired and liabilities assumed within the measurement period, required regulatory approvals for an acquisition not being obtained or being delayed or subject to conditions that are not anticipated, adverse impacts of changes to accounting controls and reporting procedures, contingent liabilities or indemnification obligations, increased leverage and lack of access to available financing (including f
121	EW	"F1 SP003 [6] (raw material,discontinue,portfolio) | 2. OTHER CONSOLIDATED FINANCIAL STATEMENT DETAILS Composition of Certain Financial Statement Captions Components of selected captions in the consolidated condensed balance sheets consisted of the following (in millions): September 30, 2019 December 31, 2018 Inventories Raw materials $ 125.8 $ 111.5 Work in process 148.6 144.8 Finished products 336.7 350.7 $ 611.1 $ 607.0 At September 30, 2019 and December 31, 2018 , $ 122.5 million and $ 106.5 million , respectively, of the Company's finished products inventories were held on consignment. During the three months ended June 30, 2019 , the Company recorded a $ 46.2 million charge to "" Cost of Sales ,"" primarily comprised of the write off of inventory related to strategic decisions regarding its transcatheter aortic valve portfolio, including the decision to discontinue its CENTERA program."	F5 SP002 [5] (discontinue,portfolio) | Despite the challenges associated with COVID-19, our net sales for the first nine months of 2020 were $3.2 billion , representing an increase of $20.7 million over the first nine months of 2019, driven by sales growth of our TAVR products. Our gross profit increase was driven by a charge recorded during the three and nine months ended September 30, 2019 of $26.9 million and $73.1 million, respectively, primarily comprised of the write off of inventory related to strategic decisions regarding our TAVR portfolio, including the decision to discontinue our CENTERA program. The increase from the prior quarter-to-date period in our diluted earnings per share was driven by our increased sales growth as well as reduced spending due to COVID-19.	F2 SP001 [6] (reimbursement,surcharge,tariff) | Accordingly, our future results could be harmed by a variety of factors, including: • changes in local medical reimbursement policies and programs; • changes in foreign regulatory requirements; • changes in a specific country's or region's political or economic conditions, including changing circumstances in emerging regions, that may reduce the number of procedures that use our products; • trade protection measures, quotas, embargoes, import or export licensing requirements, and duties, tariffs, or surcharges; • potentially negative impact of tax laws, including transfer pricing liabilities and tax costs associated with the repatriation of cash; • difficulty in staffing and managing global operations; • currency exchange rate fluctuations; • cultural or other local factors affecting financial terms with customers; • local economic and financial conditions, including sovereign defaults a
122	ABC	F1 SP002 [5] (price increase,reimbursement) | More specifically, we distribute a comprehensive offering of brand-name, specialty brand-name, and generic pharmaceuticals, over-the-counter healthcare products, home healthcare supplies and equipment, outsourced compounded sterile preparations, and related services to a wide variety of healthcare providers located in the United States and select global markets, including acute care hospitals and health systems, independent and chain retail pharmacies, mail order pharmacies, medical clinics, long-term care and alternate site pharmacies, physician practices, medical and dialysis clinics, veterinarians, and other customers. Additionally, we furnish healthcare providers and pharmaceutical manufacturers with an assortment of related services, including data analytics, outcomes research, reimbursement and pharmaceutical consulting services, niche premium logistics services, inventory manageme	F5 SP002 [6] (price increase,reimbursement,discount) | Legal, regulatory, and legislative changes with respect to reimbursement, pricing, and contracting may adversely affect our business and results of operations, including through declining reimbursement rates. Both our business and our customers' businesses may be adversely affected by laws and regulations reducing reimbursement rates for pharmaceuticals and/or medical treatments or services, changing the methodology by which reimbursement levels are determined, or regulating pricing, contracting, and discounting practices with respect to medical products and services. Additionally, on occasion, price increases and pricing practices with respect to certain brand and generic pharmaceuticals have been the subject of U.S.	F2 SP001 [2] (reimbursement,inflation) | 22 Table of Contents Results of Operations Revenue Three months ended December 31, (dollars in thousands) 2019 2018 Change Pharmaceutical Distribution Services $ 46,036,828 $ 43,744,381 5.2% Other: MWI Animal Health 1,028,318 954,584 7.7% Global Commercialization Services 818,666 716,354 14.3% Total Other 1,846,984 1,670,938 10.5% Intersegment eliminations (19,070 ) (22,867 ) Revenue $ 47,864,742 $ 45,392,452 5.4% We continue to expect our revenue growth percentage to be in the mid to high-single digits in fiscal 2020 . Our future revenue growth will continue to be affected by various factors, such as industry growth trends, including drug utilization, the introduction of new, innovative brand therapies (including biosimilars), the likely increase in the number of generic drugs that will be available over the next few years as a result of the expiration of certain drug patents held by br
123	HOLX	F1 SP003 [4] (discontinue) | 0000859737 us-gaap:DisposalGroupDisposedOfBySaleNotDiscontinuedOperationsMember holx:BloodScreeningBusinessMember	F5 SP002 [2] (average selling price,discount) | For contracts with multiple performance obligations, we are required to allocate the transaction price to each performance obligation using our best estimate of the standalone selling price of each distinct good or service in the contract. We determine the best estimate of standalone selling price using average selling prices over 3- to 12-month periods of data depending on the products or nature of the services coupled with current market considerations. If the product or service does not have a history of sales or if sales volume is not sufficient, we rely on prices set by our pricing committees or applicable marketing department adjusted for expected discounts.	F2 SP002 [5] (discount,discontinue) | The impairment charge was allocated to Medical Aesthetics long-lived assets, of which $ 25.8 million was allocated to cost of product revenues and $ 4.4 million to operating expenses. Assets held-for sale comprise the following as of December 28, 2019: Assets: December 28, 2019 Cash $ 10.7 Accounts Receivable 59.6 Inventory 90.6 Prepaid expenses and other current assets 7.7 Property, plant, and equipment 4.0 Intangible assets 28.2 Other assets 9.8 Total assets held-for-sale $ 210.6 Liabilities: Accounts payable $ 12.3 Accrued expenses 49.0 Deferred revenue 16.6 Total liabilities held-for-sale $ 77.9 The Company has determined that this disposal did not qualify as a discontinued operation as the sale of the Medical Aesthetics business was deemed to not be a strategic shift having or will have a major effect on the Company's operations and financial results. 20 Table of Contents (7) Borrow
124	ANTM	F1 SP002 [5] (rate increase,rate increases) | The higher premiums were due to membership growth primarily in our Government Business segment. The increase was further attributable to rate increases across our businesses designed to cover overall cost trends. These increases in premiums were partially offset by the impact of the HIP Fee suspension for 2019.	F5 SP002 [5] (rate increase,rate increases) | Our net income as a percentage of total revenues decreased in 2020 as compared to 2019 as a result of all factors discussed above. -52- Nine Months Ended September 30, 2020 Compared to the Nine Months Ended September 30, 2019 Total operating revenue increased as a result of higher premium revenue due mainly to membership growth in our Government Business segment and rate increases and the impact of the HIP Fee reinstatement for 2020. The increase in operating revenue was further attributable to increase in pharmacy product revenue as we completed the transition of all of our unaffiliated PBM customers to IngenioRx between the second quarter of 2019 and January 1, 2020.	F3 SP002 [5] (rate increase,rate increases) | Accordingly, certain amounts for the three months ended March 31, 2019 have been reclassified to conform to the current year presentation for comparability. Three Months Ended March 31, 2020 Compared to the Three Months Ended March 31, 2019 Commercial & Specialty Business Operating revenue decreased due to membership declines in our Individual and Local group fully-insured businesses and the absence of pharmacy administrative fee revenue that is now recognized within the IngenioRx segment. These decreases were partially offset by the rate increases designed to cover overall cost trends and the impact of the HIP Fee reinstatement for 2020.
125	TFX	F1 SP002 [4] (discontinue) | Consolidating entries and eliminations in the following condensed consolidated financial statements represent adjustments to (a) eliminate intercompany transactions between or among the Parent Company, the Guarantor Subsidiaries and the Non-Guarantor Subsidiaries, (b) eliminate the investments in subsidiaries and (c) record consolidating entries. 23 TELEFLEX INCORPORATED NOTES TO CONDENSED CONSOLIDATED FINANCIAL STATEMENTS - (Continued) (Unaudited) TELEFLEX INCORPORATED AND SUBSIDIARIES CONDENSED CONSOLIDATING STATEMENTS OF INCOME AND COMPREHENSIVE INCOME Three Months Ended September 29, 2019 Parent Company Guarantor Subsidiaries Non-Guarantor Subsidiaries Eliminations Condensed Consolidated (Dollars in thousands) Net revenues $ — $ 449,753 $ 338,889 $ ( 140,323 ) $ 648,319 Cost of goods sold — 290,466 112,090 ( 129,917 ) 272,639 Gross profit — 159,287 226,799 ( 10,406 ) 375,680 Selling,	F5 SP002 [1] (retire) | 2 TELEFLEX INCORPORATED CONDENSED CONSOLIDATED STATEMENTS OF COMPREHENSIVE INCOME (Unaudited) Three Months Ended Nine Months Ended September 27, 2020 September 29, 2019 September 27, 2020 September 29, 2019 (Dollars in thousands) Net income $ 116,587 $ 228,929 $ 259,193 $ 353,201 Other comprehensive income (loss), net of tax: Foreign currency translation, net of tax of $ 6,957 , $( 7,045 ), $ 1,671 , and $( 8,804 ) for the three and nine month periods, respectively 20,632 ( 39,894 ) 20,087 ( 27,562 ) Pension and other postretirement benefit plans adjustment, net of tax of $( 303 ), $( 494 ), $( 1,229 ), and $( 1,330 ) for the three and nine months periods, respectively 1,037 1,560 4,071 4,248 Derivatives qualifying as hedges, net of tax of $( 184 ), $ 64 , $ 252 , and $ 146 for the three and nine months periods, respectively 1,454 ( 260 ) ( 3,458 ) ( 102 ) Other comprehensive income (los	F2 SP002 [6] (rate increase,rate increases,raw material) | We may not be able to pass on these costs to our customers, particularly with respect to those products we sell under group purchase agreements, which could have a material adverse effect on our results of operations and cash flows. Increases in interest rates may adversely affect the financial health of our customers and suppliers, thereby adversely affecting their ability to buy our products and supply the components or raw materials we need. In addition, our borrowing costs have been adversely affected by recent interest rate increases, and could be further affected if interest rates continue to increase.
126	ABT	F1 SP003 [4] (discontinue) | Exhibits 28 ​ ​ Signature 29 ​ ​ ​ 2 Table of Contents Abbott Laboratories and Subsidiaries Condensed Consolidated Statement of Earnings (Unaudited) (dollars in millions except per share data; shares in thousands) ​ ​ ​ ​ ​ ​ ​ ​ ​ ​ ​ ​ ​ ​ ​ ​ Three Months Ended September 30 ​ Nine Months Ended September 30 ​ 2019 2018 2019 2018 Net sales ​ $ 8,076 ​ $ 7,656 ​ $ 23,590 ​ $ 22,813 ​ ​ ​ ​ ​ ​ ​ ​ ​ ​ ​ ​ ​ Cost of products sold, excluding amortization of intangible assets ​ 3,358 ​ 3,166 ​ 9,797 ​ 9,515 Amortization of intangible assets ​ 484 ​ 544 ​ 1,453 ​ 1,690 Research and development ​ 596 ​ 574 ​ 1,845 ​ 1,738 Selling, general and administrative ​ 2,440 ​ 2,377 ​ 7,352 ​ 7,385 Total operating cost and expenses ​ 6,878 ​ 6,661 ​ 20,447 ​ 20,328 ​ ​ ​ ​ ​ ​ ​ ​ ​ ​ ​ ​ ​ Operating earnings ​ 1,198 ​ 995 ​ 3,143 ​ 2,485 ​ ​ ​ ​ ​ ​ ​ ​ ​ ​ ​ ​ ​ Interest expense ​ 167 ​ 203 ​ 506 ​ 6	F5 SP003 [4] (discontinue) | Exhibits 24 ​ ​ Signature 25 ​ ​ ​ 2 Table of Contents Abbott Laboratories and Subsidiaries Condensed Consolidated Statement of Earnings (Unaudited) (dollars in millions except per share data; shares in thousands) ​ ​ ​ ​ ​ ​ ​ ​ ​ ​ ​ ​ ​ ​ ​ ​ ​ Three Months Ended September 30 ​ Nine Months Ended September 30 ​ ​ 2020 2019 2020 2019 ​ Net sales ​ $ 8,853 ​ $ 8,076 ​ $ 23,907 ​ $ 23,590 ​ Cost of products sold, excluding amortization of intangible assets ​ 3,966 ​ 3,358 ​ 10,510 ​ 9,797 ​ Amortization of intangible assets ​ 510 ​ 484 ​ 1,624 ​ 1,453 ​ Research and development ​ 580 ​ 596 ​ 1,722 ​ 1,845 ​ Selling, general and administrative ​ 2,302 ​ 2,440 ​ 7,126 ​ 7,352 ​ Total operating cost and expenses ​ 7,358 ​ 6,878 ​ 20,982 ​ 20,447 ​ Operating earnings ​ 1,495 ​ 1,198 ​ 2,925 ​ 3,143 ​ Interest expense ​ 137 ​ 167 ​ 410 ​ 506 ​ Interest (income) ​ ( 10 ) ​ ( 24 ) ​ ( 37 ) ​ ( 6	F2 SP001 [6] (price increase,reimbursement,rebate) | Abbott expects debate to continue at all government levels worldwide over the manufacture, quality assurance requirements, marketing authorization processes, post-market surveillance requirements, availability, method of delivery, and payment for health care products and services, as well as data privacy and security. Abbott believes that future legislation and regulation in the markets it serves could affect the timing and expense associated with bringing health care products or services to market, access to health care products and services, increase rebates, reduce prices or reimbursements or the rate of price increases for health care products and services, change health care delivery systems, create new fees and obligations for the pharmaceutical, nutrition, diagnostic, and medical device industries, or require additional reporting and disclosure. It is not possible to predict the e
