ticker,CIK,company_name,sector,random_hash
FOX,0001754301,Fox Corporation (Class B),communication_services,0008d5d32c4bd338d2294f17ef292c1fbbcecb45e6f5194abaa839bab4d518c0
CMCSA,0001166691,Comcast,communication_services,00a1456d7a9b6f4ed8d36b4071a6c6287a66bcb65cb9aa32642cdef3e1e39393
LUMN,0000018926,Lumen Technologies,communication_services,0119bc2ac7820f78f2a9ce7afc1b29096a15bf049d192038e792b081717a0cc1
DIS,0001744489,Walt Disney Company (The),communication_services,0379deaa5b11106f933189ae22a08c6c8bf434ee5a59b378a38d7d063666e5ba
OMC,0000029989,Omnicom Group,communication_services,0a1fee9d0cc496dc542aa44a78d2d49da13a2a9c6a0f82b54635a6e98e49b5f9
DISH,0001001082,Dish Network,communication_services,216d018565812ec1120f3695850271e723107dadb96e06aa99a0dc9fa1b3934b
ATVI,0000718877,Activision Blizzard,communication_services,2a2af75439db42968cb9acc6337a2fc49b25148e1a9f311c55eb2c2ed7dd6582
TWTR,0001418091,Twitter Inc.,communication_services,336e414110e2f412d4230bbe525316f66ace03c20d12898088b6a0f443cb7d9a
LYV,0001335258,Live Nation Entertainment,communication_services,638e47200d6f146253d5805bbe47e0ef2ab6d21a3fae1b1e91f930259fa73bcc
CHTR,0001091667,Charter Communications,communication_services,6f47f3c0ff8a8ab157b9072a57c71c404696cb06ad2ac94dfea585e463d91041
NFLX,0001065280,Netflix,communication_services,8383d25dc8341f51f3c0c4ba0f873c27ae8dfb6d06645684105ae3984f572bc3
GOOG,0001652044,Alphabet Inc. (Class C),communication_services,89e8a0b13ca243c2141ec8c069ff720353eb65626c06a74b3f2959698a5ccea7
DISCA,0001437107,Discovery (Series A),communication_services,be292c8d6b42c6ae09954d5828d805bf04b4a38776087bd80e066f1c414d3794
IPG,0000051644,Interpublic Group of Companies (The),communication_services,d639a8f2c154ea2d5003b1d5eb79f8467e22ecb40da31a0b5e9445006743e35d
T,0000732717,AT&T,communication_services,e58f43571f7811dde43cf271b03c2bc9f892f7c287ac30b561e516e515a8392b
VIAC,0000813828,ViacomCBS,communication_services,f18d9e9e2066d9bea11a464e55ff2749896ff76e99a6c69f30dc56f7611ac812
FB,0001326801,Meta,communication_services,f59044c5770f1da048a28d4224529993130ae5e2cfb8d170df43d5f7d299746e
MGM,0000789570,MGM Resorts,consumer_discretionary,0397897410d7b087133fb38145ea4d3bc064e6dd0b930c04e4b735dc2e7cc3aa
NKE,0000320187,"Nike, Inc.",consumer_discretionary,067ef019a5a71cb14a395b2a91407a2872fdb6e1843465e5b24331b5550e1d46
ORLY,0000898173,O'Reilly Automotive,consumer_discretionary,0b7213027145a30a2bbdbcea91be2707474909975be5ac96baa0a1c394016ee8
MAR,0001048286,Marriott International,consumer_discretionary,0cf59b44bc3e01120c58ca1fd5aebc99e75db2d8caf564db684b3f4984080108
BWA,0000908255,BorgWarner,consumer_discretionary,0dfc2b8659a85f04c4f8a5cda089f2c86f18efc7372ede2fdda5ab88e4513bea
MCD,0000063908,McDonald's,consumer_discretionary,1024d3cdd7ddcdfa18e551a8ce1b6e0ede2f41cacd6c07fed8d2b959174a2ba2
APTV,0001521332,Aptiv,consumer_discretionary,13f8f771f677d801b912bd729b59c0b563c26c4b0547d3ee84a3165a94be284d
CMG,0001058090,Chipotle Mexican Grill,consumer_discretionary,14f5a497fb2ed5068f298df40c71d41f1eed7d4bae3df4a00f2146acc3b6daa8
SBUX,0000829224,Starbucks,consumer_discretionary,160c31f7b29ae6a788b24faa0cd9e2e0951f627ee6c33cce29faf5794d815027
WHR,0000106640,Whirlpool Corporation,consumer_discretionary,1c2d99c7dde225bb9de8b25a15f35c33ec7f2999529fd27d66089e6ee61281d7
F,0000037996,Ford Motor Company,consumer_discretionary,263ed0a201f70c5b9c1505d3bee632764f0c47102e5a9991433df6a281710452
TJX,0000109198,TJX Companies,consumer_discretionary,2efc534cc3536916c86bc803cecbf01498bd2a8a16eaef70d6c2bcd571023656
DPZ,0001286681,Domino's,consumer_discretionary,37f6189f475cf817a394238b19c7092cebf015760caa0db761ce8ab3cd067e09
HLT,0001585689,Hilton Worldwide,consumer_discretionary,39654540464f5cd1b60c6c5fba0abd392e25a8f7395e0926cf85309c31af56e1
LB,0000701985,L Brands,consumer_discretionary,45d1b3ce4c7dc2c46109dc3dbc0e3f64daa05dbbb5f4f9f84653d1012f61e1c6
UA,0001336917,Under Armour (Class C),consumer_discretionary,50c428f6159e2f6199ad373997571464a4e7e338127f14574cfb7ca47bc8d712
PVH,0000078239,PVH,consumer_discretionary,5450df7080060d2dea92cf1da21504704f1ec9b96de959b2a6c9f2b7be6273d2
LVS,0001300514,Las Vegas Sands,consumer_discretionary,5ae8123d1c5ede85d57a97e29e495860a8142190719f433856b40aa3fe9962c1
AAP,0001158449,Advance Auto Parts,consumer_discretionary,5e8e3350b0f05de11d3f19de6fabe2e19c1c1962fbc05954b222baabbcc133e6
POOL,0000945841,Pool Corporation,consumer_discretionary,645c0964619d8cad3f95992585f8a4775db89d553ae5c89afcc26006d4b15255
LKQ,0001065696,LKQ Corporation,consumer_discretionary,646d5b6e6368abb497901fa4f48807f767ca1b81c734c18ce565b2c9a75ac863
HAS,0000046080,Hasbro,consumer_discretionary,671fac1694134aea14e801458d964cebfe70d44778837b745b3968f0bc3becf3
LOW,0000060667,Lowe's,consumer_discretionary,6de93a4a6672b830e3e8e8b4bd19df490e8d6ebf3549a006c124de745ab366a6
RL,0001037038,Ralph Lauren Corporation,consumer_discretionary,7134021a9d7be77fd90fecb3a8f6045fb86ea5ebc7602fab8e9bf3e16c8f02dc
VFC,0000103379,VF Corporation,consumer_discretionary,77100ad83e7536b922c6cbdce33d04f764f472b650f29df09550e2fe7b4f6332
TPR,0001116132,"Tapestry, Inc.",consumer_discretionary,875267bd72ff884a68d70ad0ccac7560937aea1ea5d49a384c743beae25a54b0
DHI,0000882184,D. R. Horton,consumer_discretionary,876ae8a66a2cc3abba69b8ac275c67fc09a8887c5c3793dc1301547e3bd2da27
GPS,0000039911,Gap,consumer_discretionary,898b6621a505508932ce451f61725f4f53f8437c01033488d50ca84d7c1163aa
HBI,0001359841,Hanesbrands,consumer_discretionary,8d78edee999c3feab025d6860b1570fd42854b2e938c5be338209d0f24b67d56
ETSY,0001370637,Etsy,consumer_discretionary,9006865e137ef1eefd552bd816299620b2e0348ce23aa1204644b22ebfff0d88
EXPE,0001324424,Expedia Group,consumer_discretionary,939ec56d860f682ec94296f4e1cc9db23ca0185c51f08b09297635d310d29079
AMZN,0001018724,Amazon,consumer_discretionary,9a16765691117a1b6a5fcdc00aebd0d0cc20a07e1db3a8bc25a5bb97b46f6a85
TIF,0000098246,Tiffany & Co.,consumer_discretionary,9b59f7ba5c14fc1b0d98ed2399dbcbc845e79371a3d82500d5d520950804cc55
MHK,0000851968,Mohawk Industries,consumer_discretionary,9bc1c53b6fa2c9cd64a21e54f792a21eda78d50d2f02bc40104e472c712d1973
LEN,0000920760,Lennar,consumer_discretionary,aa0ab533b2cbb594cc459698ddd918da23bf9e68700bbcd44d5bc9770bba8d86
TSCO,0000916365,Tractor Supply,consumer_discretionary,adc7362af918484f66d9a1fd15d24310b080056c62b8589e5e510ea5d6026b60
HD,0000354950,Home Depot (The),consumer_discretionary,b12eb9236d83befc0f72241cdbd0fd7d7b7166f5f69fd93592f38a91469636e4
PHM,0000822416,PulteGroup,consumer_discretionary,c2aaf1cebb82c2965750f805c3cb42117fc8d1e9fb8b3c19ebaa9e5f08158a33
ULTA,0001403568,Ulta Beauty,consumer_discretionary,c6ca475fdee942fe2de78b15b398ea13d8cbb01ef35890f17d101d8bdd20c2ba
GRMN,0001121788,Garmin,consumer_discretionary,c719dd920088a5937b27921ec310e23131f7ba2dd9de31d92aec8ec9bbfb014b
DRI,0000940944,Darden Restaurants,consumer_discretionary,d6591965dc030fedccc9032798571702170f0839235c5315c66a3a3c43b2c6b0
WYNN,0001174922,Wynn Resorts,consumer_discretionary,d8eab843566be1decda183bf89a0f8ce4bd4ccbf708f3c502dc0751de7e1009a
EBAY,0001065088,eBay Inc.,consumer_discretionary,e2f6d23b0a337b31bf7f1c9e893ad0c92beaac56572d5183a75135d4213389e3
NVR,0000906163,"NVR, Inc.",consumer_discretionary,e4d1cc0c0cc1d19c750564221239dbf8d88136ecf4140c867685ae20dd655570
RCL,0000884887,Royal Caribbean Group,consumer_discretionary,ea37385cc4c23498276ad6a906f13ae3bf1952efe7a92a05329f1d4c10f344b6
LEG,0000058492,Leggett & Platt,consumer_discretionary,ea43195ea957054465049c12e8fe1f22e993d1c1d781e49330084b1f7dd8bb6c
KMX,0001170010,CarMax,consumer_discretionary,ed3d15c5d6213755db3d456d3283983d62417508c8234fc509cd2ba3301c61fd
NWL,0000814453,Newell Brands,consumer_discretionary,f55e5997f5af02f6950171ec2186d0b41dd10a2ee3fc2b28fef910ccc3e37db7
BKNG,0001075531,Booking Holdings,consumer_discretionary,f74a0a156b616354eaf7e08d574310d61509877fe3815eff8754711f7c315651
ROST,0000745732,Ross Stores,consumer_discretionary,fcfdb2c7aeaf1cd0b3606617aa236ffd5da0cdfadcb0d4806dd60694d8901c60
HRL,0000048465,Hormel Foods,consumer_staples,01534688efd0d6c46a19bd3deb7d3660675c996ab8eefd0e2c1ef46057400aa1
SJM,0000091419,J.M. Smucker Company (The),consumer_staples,03417cb76e66d524706b7f40f6d5807b48fc730b8b1be21fd604a8184e736933
K,0000055067,Kellanova,consumer_staples,0fc14fca68f64b5e0126e2e245af34e8aecfb556dd8b1d86dcd4bc57cbfbaae7
MNST,0000865752,Monster Beverage,consumer_staples,3179e665a0a2ecb6f056378981098973f6912f4214ad67d503360c68c14385b1
PM,0001413329,Philip Morris International,consumer_staples,34ef1a7b1786cd46aa789c0628ac305b9c0320aa164cf9956607d6b9a2800fc2
EL,0001001250,Estée Lauder Companies (The),consumer_staples,416a35ffdeb1656ae1274f6ed55d57f9124e4f8b9ad0c5fae0cea5bde42e013f
STZ,0000016918,Constellation Brands,consumer_staples,432e2cb3f46f22412c41c220de26493999943d9b68288a8038154015fb177a76
LW,0001679273,Lamb Weston,consumer_staples,65b32242156bad0a1d45c945aa7e3868ba20075c91c1bec684397d83e2cfa121
TSN,0000100493,Tyson Foods,consumer_staples,6e3fc855060223e80e73eeb1d25177b8d26c67c0816fe4c428e3132ebc0b5ea4
CLX,0000021076,Clorox,consumer_staples,8769854fec999784f4cb30840cdeb8026165b3fde77c6ab0dc42177f8bac698e
PEP,0000077476,PepsiCo,consumer_staples,9062b540bbedb8b1ee3bf983416ac93043b8fce910e3d12d08829e5eef3ab3bf
ADM,0000007084,Archer Daniels Midland,consumer_staples,91571777f5c53cdc2896dc16100a9eaf1439f31059eeaf77c38992fa3956c9af
KO,0000021344,Coca-Cola Company (The),consumer_staples,91a5551002a293c23469015fdffa0bc84847810f1ca9d5aac06b1aa8c599216e
TAP,0000024545,Molson Coors Beverage Company,consumer_staples,9504ea91c7204b72814c571d2f1e0446f0804d62a5df4218c5d29e2893835ffc
PG,0000080424,Procter & Gamble,consumer_staples,964a7ee4246872e4f59bfc058e218185fca1d0475320a2c427e9949e84eb93df
TGT,0000027419,Target Corporation,consumer_staples,9f80f6a4890a91bb4af0b405773c81c35cda9a4def9bd78ae496293edf2422cd
MKC,0000063754,McCormick & Company,consumer_staples,a48782e504b99befae99f258381d0e2ef39910000ef613a93d3c81467b508496
CAG,0000023217,Conagra Brands,consumer_staples,ad15b70fd034370aa38f5695f33252f4650df7cc6052ab5184b381cd5056228b
HSY,0000047111,Hershey Company (The),consumer_staples,adfaed40410f3be19c21d7bf92ecf7c83df69f614ba73b1a057f553a50cbc41f
DG,0000029534,Dollar General,consumer_staples,aee04f6e46d433342ebe6a5fe85aedada7334c25dab6270d9fd3bbf0f037338b
KMB,0000055785,Kimberly-Clark,consumer_staples,bd986c92ad34e21fa2d3d83bb84c06df6ed14c5194854586d3cfbcc8a38a19d4
CL,0000021665,Colgate-Palmolive,consumer_staples,d0698bef7decdc0f307cd931f7c049e32b37020551516291c578e52715eadf91
SYY,0000096021,Sysco,consumer_staples,d5b5cb2a579121c4441ffa5351818d95c2801d3ceb7896709ee9e0dce3c9c52f
BF.B,0000014693,Brown–Forman,consumer_staples,e16fb48e775c2757d81bc7236cce2d7f1b76c611654a2826f1b84f277223c18e
CHD,0000313927,Church & Dwight,consumer_staples,e60a5a818cda6c5efa8a9d6b00836907c5bfa7ebff2e78595ee8da16ebd65c46
CPB,0000016732,Campbell's Company (The),consumer_staples,e92749241e22491ac7a9763ad022df66acea7c6991b5b15376c621c784902dd7
KHC,0001637459,Kraft Heinz,consumer_staples,f808da55da905b3e81a6394ce78b29e0f03a3d97c8daf153a55914b317b66299
COST,0000909832,Costco,consumer_staples,fa7c33804c53e145015ccad05c7afe5de41d790aa649b36dd8a4377cb83622d3
WMT,0000104169,Walmart,consumer_staples,faec7080c32798c211850e27da500cc0d3dbd97e136c1a9ea29aa9ff32631bd8
WBA,0001618921,Walgreens Boots Alliance,consumer_staples,fb21e18544360d22f8b1c250bf5928e82728d88236cae6674db73047fa9c1d7e
FANG,0001539838,Diamondback Energy,energy,22ecab95e02fd21fd27cad425a5b048f3ded451f7b7d6f8324fd8fb0131e643b
NOV,0001021860,Nov,energy,24f81e2895d34ced28d674705269857c13c7069e38633f9900a76c9a3469e019
FTI,0001681459,TechnipFMC,energy,3d4db3ebbabe99fb6158b78fcac1e043071ec56ba9e909b9cc4bb19cdf1d03cb
APA,0000006769,APA Corporation,energy,56bab190f0b6fa168e487c0c05d7ce3c10b94a41ebd2b7015c66c83421283539
COP,0001163165,ConocoPhillips,energy,87a050c0f1c785a4f6c69fe8ba80c06065def7d846d5a543d9cdd4a904d9ebc9
OXY,0000797468,Occidental Petroleum,energy,892a17f5bc1f150ae3e65638c31837fab05534f2f2df88a3d18073b12d14538d
KMI,0001506307,Kinder Morgan,energy,8aa22be725ec0c4983fceede979293286951e6a65240aa4378d8d3ef1225156b
HES,0000004447,Hess Corporation,energy,9c7fec4a2a4e1cfa15a5350f574a10ac59ec81c11e8ed62ae6c1c1aec8169cec
DVN,0001090012,Devon Energy,energy,9f5db9a4811eaabb143f927c75bff76f5e096b4ee723e300665b769bf07e2725
BKR,0001701605,Baker Hughes,energy,9f77b1064def3f162249f4f24171f614af77ca66949759f72c6dd2fb65c1e439
PXD,0001038357,Pioneer Natural Resources,energy,9fdd0e92ef12e796451fd0c597732a4a8c734023fc6b93c467adc7987bbc3668
OKE,0001039684,Oneok,energy,a98a1b2ffacd6aa97680422ddb2d5d0f9646461bf2c9b766ab714ef1ced11995
PSX,0001534701,Phillips 66,energy,aef8d53ce6aed4f8e1d0d98755493756237429da1a0926f2f1103ae9a4d07042
WMB,0000107263,Williams Companies,energy,b1ff3df5e0969643c12248fdb7867e8350646182d2a2e1b12d867ca9d0c3db5c
XOM,0000034088,ExxonMobil,energy,b2c4edb4ad1da10677003209184ea6afb18ecd8d5a9422bb7bc4c3f86b721d32
MRO,0000101778,Marathon Oil,energy,b37cded5208eea749bf32c791cd0757c0b4fcf71ae5497dd565977f20ccee792
VLO,0001035002,Valero Energy,energy,caa02c9abf7b74a8e8db1b879fc1c33c1079ad88418c2724e1b134f951a087e5
HFC,0000048039,HollyFrontier Corp,energy,eb82f40d349fde18c65bab7cd0fecba96de20ba6472219cb861c83c55ddfbedd
EOG,0000821189,EOG Resources,energy,f2056b6cf4b93248f6772bc920493efc3d0ff21dd0c0b8e8440efdd81db5b843
COG,0000858470,Cabot Oil & Gas,energy,f58f8207b77741836624b7b2ddd8fe1f519b74c6e3826ff2caa04b99c0f2d114
CXO,0001358071,Concho Resources,energy,fd113cd3fd3c9ec8567cd496bce5d12ab9888510a398d0199dece6ffabc54839
USB,0000036104,U.S. Bancorp,financials,0bc23e6eb814e72a929e7ffa8166454dc6059b425705c8aadcd9612d966ea9a6
GS,0000886982,Goldman Sachs,financials,0f6e4690d559eb27fc9ae31bed34b1c3446b8f36443856c521bbd075cd4a078c
UNM,0000005513,Unum Group,financials,10b209ec590e44ec0f561352998d773b36928c22998bfc5fb20869f02fb07dea
FITB,0000035527,Fifth Third Bancorp,financials,136cb616a8497613229e4246a6f5bc5fd89711b360f81e82e358a03487d5890b
MS,0000895421,Morgan Stanley,financials,15827a3bd9ecac24a6bc8fcc9237c915e0a43bf49e6d28b7ade6b0b7ad8d5ab9
AJG,0000354190,Arthur J. Gallagher & Co.,financials,15fba2b229ef58b89a4c9856717577dd2591897b960ee7472d8747460683f66b
AMP,0000820027,Ameriprise Financial,financials,18d58026f45af542dd6ea5f7c17d01072d9891d812dcd38d49c5e1166070ba85
SCHW,0000316709,Charles Schwab Corporation,financials,1bbe30994f20cc05c4f6b96e53d4c01f0f02fcce57f1bdd7f376a8dcf2ba96ca
CBOE,0001374310,Cboe Global Markets,financials,1c4c43dbd973d0d5491eb768d65c92cf3ad823d331dbb68ea1bc857b17551878
L,0000060086,Loews Corporation,financials,1c6b1ed377006e959c5a34fd46ccbaa6882c516f8f3aaf1d709dfa11a9a75933
FLT,0001175454,Fleetcor,financials,21daa1f41a8529c658558c89b96abd3c3d6a9de520da8899c526c0f95bda1dd1
RF,0001281761,Regions Financial Corporation,financials,298777a6de78d9486d039b4135294781e08f0a88f33feea95be031596900f1aa
HBAN,0000049196,Huntington Bancshares,financials,2a4ddfc656d99bb9859147565762968ba10f2dc40ee791034977cc79b27af4e2
TRV,0000086312,Travelers Companies (The),financials,2b08e22d74560e9bbc39985481838ff24d6e3698ab5d412080b5b2d18e49baaf
PYPL,0001633917,PayPal,financials,2ee09b72cd264d87b54472370f93b440a0a0c18054ef1a2ba2f1b5f9ed4d680a
BAC,0000070858,Bank of America,financials,2ef9f86440de43f00283e05ca3d6123ab6ce7844eb243eea6dbec46034a979bc
MA,0001141391,Mastercard,financials,32ce0897c33ab3fc38f7e1ccb592c4e318391625351f00dbbe351eddde723547
MET,0001099219,MetLife,financials,333bced5389eecbd3394016db550dfc7016d46f6852a309b6a09b89ec732b718
PRU,0001137774,Prudential Financial,financials,38c33cdc9e89e85a3079eff33dbd7fc31135655981d250a081d72b2dbf64a021
SIVB,0000719739,SVB Financial Group,financials,3a258031fbf3a838e4c16a74da48608941af4cc31fef92c036d0a054c5e9e864
FIS,0001136893,Fidelity National Information Services,financials,3d4d0a60cd2698f7d0fa58754664c46346eb5fef78848c3c837e75c7fabd0ca3
PFG,0001126328,Principal Financial Group,financials,3ed4127c7e7b68a210ee16acf92f233f390459f8f8008b1acff8b817acb90daa
AIZ,0001267238,Assurant,financials,46dfdbdd0836b8f0394e5d0807cb5c9977296da5c6d50cb1f0d8caf05896385d
MKTX,0001278021,MarketAxess,financials,4a1ae87e9ac800c9f036c5d2f7449a3987fc2a360fcbeb896a39359bd0c760e9
AFL,0000004977,Aflac,financials,4a289d65962fedf76d01d5be3087b69b3c5ab968911e8f83f579632850f0d0b9
RE,0001095073,Everest Re,financials,4f7192f90a968dd93e914651928a0887e2f0b7eaf39ccbdf243a7681643c6248
C,0000831001,Citigroup,financials,4fb0be4c21b7c7f43ae8f998b3419e244df0ab3f92cb5f8836ba65889f40417f
DFS,0001393612,Discover Financial,financials,5262fbd051900f44a1c2ce87d068c5c99de7394ec8b32d1312747d91add676c2
STT,0000093751,State Street Corporation,financials,528550339846f026fd22c582622d669dfe5ec3122ed9a9d8966bd5290b229886
AON,0000315293,Aon plc,financials,57fd1ab1bc810b1eb91f3b19ce698cc872c8899560ea9ec530ee24cacc7ee949
GL,0000320335,Globe Life,financials,5c4411b40e802d9a4d21be39847bca2f05c614d2feefb1fd282fd314dcb00f9f
CFG,0000759944,Citizens Financial Group,financials,6278c9f4a73791f06771cf63c1ec671e3425043e69f1cec764f95ca44a39489f
PBCT,0001378946,People's United Financial,financials,79b60f07a54fcd5bb6f60a171d2cf2c8625f8dd886e21f591044fe2ce2f7b510
RJF,0000720005,Raymond James Financial,financials,79ed8ff0045c0c358a1581ead0762a315793dad91fbe6b91820504bd2722e803
TROW,0001113169,T. Rowe Price,financials,7ab5323a67216d95d27594996ae8ef1296e92c7abc8a0c432797a6240eacf366
NDAQ,0001120193,"Nasdaq, Inc.",financials,7cfdef130f9032f80657a2ffe889833b1d30436e2291bfa4a2ccfd0da2f769bd
AXP,0000004962,American Express,financials,81be148674a2fc4365d6654143a9d084c5d49b9aec3a26e5f224129e67e826b7
COF,0000927628,Capital One,financials,824957a813ff5b36196a5a25d47f879159eafbf978d9e9572353ec66b4ae7164
MSCI,0001408198,MSCI,financials,848dab5dc8cab4a441c1b923c0ab7a49d77d1e1ce64a45e36129b024a41ec2b1
GPN,0001123360,Global Payments,financials,8b03f4a67b4f599e571251076bca126e626c19820d4436e373a44a130f18cb10
BK,0001390777,BNY Mellon,financials,8ee7b8a0f504d85fc1acd99d82cca6aecc47874427a71931a3e7b7f9f520cd20
WLTW,0001140536,Willis Towers Watson,financials,9412cca1d23e7154c7ff254fb458cfc83d93991a8c7be29c58ba2964393be555
SYF,0001601712,Synchrony Financial,financials,95139d377851351a34c94afdc2e6d10276dd009484e1f22b733deb2663ec359f
CINF,0000020286,Cincinnati Financial,financials,9f94d94c68667f719ac0dcefc01739467d169e8127f60f798db2f29003d16c61
NTRS,0000073124,Northern Trust,financials,a77ae49817c818bd0b1ad542e2adcfb78aa774ed0c7dd7f0d1f636e337338b02
AIG,0000005272,American International Group,financials,a8ae259c6a56e7d9e483f1d99fe68cf55cd90fc843bd23d99ff687f90b83e99c
CME,0001156375,CME Group,financials,adb0a72dcb92eead413ee6f8080c7cfa1f7ecb25f1443487897641baf735ee76
CB,0000896159,Chubb Limited,financials,b1e0ddca09b405f45841240ece069c7f1c9e6a95a0d4fcb080beb335e208a133
ZION,0000109380,Zions Bancorporation,financials,b5d7dc00f225e2d64d6554222810639775cff1c8b756edef4e5c080b07b074b6
LNC,0000059558,Lincoln Financial,financials,b63036635ca203229f4d90f6ecfa9e8a7d03504eeccf910b9486118b321b1d49
WRB,0000011544,W. R. Berkley Corporation,financials,b7f99dba2325e5349a2462be0c74bf371811982853f4b50068b8e35e7823c1a9
MCO,0001059556,Moody's Corporation,financials,b8def1ab8ce41ede7ff8125649a46cbbf4dbc949fd292e52bf5da19353fd6ee4
ICE,0001571949,Intercontinental Exchange,financials,baee697e8527ad6cf48acbba14e3c03f8a408065299ee3ace6bd064950576cbc
PNC,0000713676,PNC Financial Services,financials,bcdca433822be9bbabb9d1ae9f2a08be6694c7bde0e7e1347d259d725020c0d8
IVZ,0000914208,Invesco,financials,bff17b2812d84762f4b53e74e3dab52ba099d5a25c86986b0f3b98696fd4776a
TFC,0000092230,Truist Financial,financials,c372bcbb221e89165b7fb20f96e35112b33e93075ff6c2d49c1d99bb2c68671f
BRK.B,0001067983,Berkshire Hathaway,financials,c87eb3c3a7ceb3a0cb1dd49b14327acd5fb983d1c16bc71a7bf86fdd76670a0a
CMA,0000028412,Comerica,financials,d362197509e1e534b20b8982d8feff410562cc2138c799bda542fdacfef1cf7d
MTB,0000036270,M&T Bank,financials,d582489c1103f3d28f6cc0a11a2addefb5bd246e79bf06fb2e4cba0d38cbcd77
BEN,0000038777,Franklin Resources,financials,d98b1a7c70cd8b93b330320d368baa735e7e9673f26e5ccb1ecb318d455830e0
MMC,0000062709,Marsh McLennan,financials,dc913359e795c6b491202b53816d544c4697524818378f2af6ec8212b7a9decd
JPM,0000019617,JPMorgan Chase,financials,f14c637e3e544d22ac99e276e3d0015e34bbfbe845326adb6a62bb8a42109c1b
PGR,0000080661,Progressive Corporation,financials,f1b6b3c1e712dddca29d904132360ae77d6c8d03da939025195a39d938775d18
WFC,0000072971,Wells Fargo,financials,f3663a00bc353a86ec377596eddc45f9ada9e550a481848014dadf9dc8e405da
ALL,0000899051,Allstate,financials,f5579de4109a43fcba6c035bbbbbe100276b87bf5ebbfbdb81276763a1b71855
HIG,0000874766,Hartford (The),financials,f9203bcb8c50a70c7b7dffa8cebf5fe239f343acb8409c9068d6a82a5cab0d43
KEY,0000091576,KeyCorp,financials,f95ac34b36f3d9b6b46c9cce20c4d7a5ddfcab93199ea0d84bb3946b32a6c838
V,0001403161,Visa Inc.,financials,f991c72448d124dec84951f07e50f65511b2c820b751353880cacb1f32a0c23c
DHR,0000313616,Danaher Corporation,health_care,081fb283b0cb1a23d00026e61113dd8314980aadb2746a62619232035657fef6
IQV,0001478242,IQVIA,health_care,085a2923ef8a736f1aa7e27f12cc51343ca6dcc8be3c0ebd7c3b1c479ee47d3a
ABMD,0000815094,Abiomed,health_care,0bc90128db17a99ca2fac71013ecd379c8a53df0d1d4a9c6235631bcc5ace1a5
MDT,0001613103,Medtronic,health_care,18ce4f326584d0c0fb3959a6d0cb46daac7824d71578a6b3058d5b57219fc445
MCK,0000927653,McKesson Corporation,health_care,190d9b0f7c23510e1b2bde50b8dd8306a0ea34cb74a8cfa2bc5d703234f4647a
REGN,0000872589,Regeneron Pharmaceuticals,health_care,1d610056a9328705a92baf52e0c537453c7b86d2714b262179b781efe269082f
ALGN,0001097149,Align Technology,health_care,218017333dce958801c48f7902b1d2d0db2f51cc42f63f60b3cafb034b9c39a5
ABBV,0001551152,AbbVie,health_care,2190a90a3195fb55978da39d5e020e43e21e37af25c72551237b74aaf109af35
BIO,0000012208,Bio-Rad Laboratories,health_care,23122ff9c8227ec8ecdd5e34514b5af41a8ab07946ecbb537f15540c8d3a049e
CI,0001739940,Cigna,health_care,23ef21726a76c5cf1977b3ec3a4fdd3b3291d3ef3beee9dc9aad98d98b4e5a1b
VAR,0000203527,Varian Medical Systems,health_care,2b2cd005c00ee103028d480b4cc2ee3c4222ff1d35183cd5a9bc1b78cace9331
RMD,0000943819,ResMed|,health_care,2b8fee1c98732618f48da5b9036e814b23b8b3ab60d34f1ba03afb5cdd20a4af
PKI,0000031791,PerkinElmer,health_care,3673605dd734f69e686d6fe7dc031352949c543019d027b2b30f02707e66b8f3
PFE,0000078003,Pfizer,health_care,39b47cdd91bb307735ef37499833b2c2b589e3fd842e692624ebe5861430da34
BDX,0000010795,Becton Dickinson,health_care,3c4d47f2f89bd448c767ffde2f1020fe5ccfb0a8210368ef2808a514e9a489ea
ZTS,0001555280,Zoetis,health_care,3f34b7cb5e8b55737a02dc59bd6cbf46ebe406c7465868b94b692ba727895a49
CVS,0000064803,CVS Health,health_care,4254c1863d8a10524be9ec5c0cfed9a22760f2100316412c6f06f7ea9bc6b60b
LH,0000920148,Labcorp,health_care,4257b545a3208eccab99dd8b25dfdf9ee2a47f82aa94635311b8625a176646e5
HUM,0000049071,Humana,health_care,45111f5912621b4d3b7211513313c86f7f3d6d8f409e50809ad9e9d0b909a715
ALXN,0000899866,Alexion Pharmaceuticals,health_care,4581a1049c98f3a1fde143a56ffc4d73c934663506fa8974641c5e0361253c31
UNH,0000731766,UnitedHealth Group,health_care,46242be984c32af68e02b663bc3f6cf04f5e5e0f2041b72fd3e670d321f1594d
COO,0000711404,Cooper Companies (The),health_care,4760307ec0c8df25685708a07975a5148617db8846eb605d805d4cfae2c8a2e0
EW,0001099800,Edwards Lifesciences,health_care,4fc39fc64f81dda2bd702ba4bd8202ae3922c49001691cb6c37fbc65a0808940
ABC,0001140859,AmerisourceBergen,health_care,5ddd96bb848d75cd0ef87b3f11e96d691953694fe88a507960bba37ef6f5b67e
HOLX,0000859737,Hologic,health_care,6e6fb2a108e569509cb6deef602bfd4349acf763214f2a54921989fcf7fb9a46
ANTM,0001156039,Anthem,health_care,7458182a9282597341d0eac15e3e284367732e6f89d36ac1c7ea635f9fc01602
TFX,0000096943,Teleflex,health_care,76229d3cd13b8cf4a66b4750553a7a549fb9a06f8809b085dbdbc0f10e92b855
ABT,0000001800,Abbott Laboratories,health_care,7b2c80e87495ec17c7246484d4f832b41b211a414744865279576bfd3c657bfe
XRAY,0000818479,Dentsply Sirona,health_care,7c576b96d4418deaadde198e2abe808fc2710b3f3d9aef628a9d81353befb62f
MTD,0001037646,Mettler Toledo,health_care,7fda2113574401ba80e4894723a191e7173ffc6507e24e1466baabb5cfdc40c7
BAX,0000010456,Baxter International,health_care,81921003fd43c018abc03062d4bbac715d89b5b0824eb9c661c16551c47b7d97
PRGO,0001585364,Perrigo,health_care,885681176098ebebb9b479099200a5b80cfd139fdd4f4da52608327102574538
CTLT,0001596783,Catalent,health_care,8b13523f9f9e7e27367abfa5d74be1792a860ab7b4251db293d19ce5fb240ada
WST,0000105770,West Pharmaceutical Services,health_care,8c2fbf8fb8987712e4bd7288d4de78fddfb0a47983cbd10eecd331df11918eab
BMY,0000014272,Bristol Myers Squibb,health_care,8c69bb5f034df20f148e295ca72e489a7e31df00f640f87ed04aac1daf82e807
GILD,0000882095,Gilead Sciences,health_care,8d87e17ec3e2b3178b28fc0b19eb52be595d51c820e8eadcf394a8b567917d1e
ZBH,0001136869,Zimmer Biomet,health_care,9319d86d991a9153fc612c97cea26729292678c67cd820c6c008c70238742777
UHS,0000352915,Universal Health Services,health_care,9358a9e7414917e562e726208ff148e463de33cdc5797d976c637b338b398110
WAT,0001000697,Waters Corporation,health_care,96219147deb0e296a8556ac6c773375109997929d8b40387f469ddccffb80de7
CNC,0001071739,Centene Corporation,health_care,99f0ff65b22d19c2a82e23556e05f2ec4c77b073443f784cbc3a0b6ecc41126a
MRK,0000310158,Merck & Co.,health_care,9cadd8b6d41a70e28ee7f7a9679f890d813659f359fcc9a312fd566880f1b576
CAH,0000721371,Cardinal Health,health_care,a686017d47189a370399c11ad311b7fcaf7ec77b33169d9c3a580f7e856e2405
ILMN,0001110803,Illumina,health_care,d19f50efd0d635accbe8cfe155f6c5eefd1357e6889a0620ddc95ff5a5f1ac89
CERN,0000804753,Cerner,health_care,d23fcd4075dcb27d25c3da9fd951ed5ec745248a5291aa80f0e96ab7b1a64777
DGX,0001022079,Quest Diagnostics,health_care,d2fef2229051f6c7e40001a46c34f9afb74c15f3251c03855ba53a94d2d5103c
STE,0001757898,Steris,health_care,d7465fcfd156e84d34e1e0cb5176c1a62594811f36c5ec9df8055f0e2c306f07
HCA,0000860730,HCA Healthcare,health_care,e0e2bd0f3fefdaa33a000469e700fccd8408111963b63985ba4f07b7921de2ec
IDXX,0000874716,Idexx Laboratories,health_care,e2bf4f28035b6eab4b980e60ff6c16a5d7b0f9ea77b27bbe46c7681473929aa2
BIIB,0000875045,Biogen,health_care,e96496ad1fe49efe66188301fa157ee272219c98250af9760b4e538a47ca5702
BSX,0000885725,Boston Scientific,health_care,f2105b773af316d39b6d299f3a2d26435c247b72f9f5e87a08b7aaca8e0f8023
LLY,0000059478,Lilly (Eli),health_care,f70d3d3dfb936c0ad594f5bc15fba584aacc1ce24d5dd26d319c002ac8274826
TMO,0000097745,Thermo Fisher Scientific,health_care,f7489e1303e108bf2fea38405e3e2f64c1f2dd10b65b8499170c3887df8b271d
SYK,0000310764,Stryker Corporation,health_care,f86afbd90f0b02bd44c9834840bb7970e8bf14e13a879db0bc58cc65a71790c5
IR,0001699150,Ingersoll Rand,industrials,04788576681b5cf50c87bc8ffea472c1a464752887c9ffcbb2a0c3d800b10fb4
PNR,0000077360,Pentair,industrials,04ecfaf3c546d3bb8035a83286c8478d28341581e46380960487b396fda19562
XYL,0001524472,Xylem Inc.,industrials,0add1780fe5dc9e28f7e3b1cdb182e928216fdaac650ef0d7b03f334e637bbed
CPRT,0000900075,Copart,industrials,15dad6be091e417794ac9ef280faaf9deba3665d395b677e1ebfa6b0b541fa8f
IEX,0000832101,IDEX Corporation,industrials,187a4b6b31283b33ad5df30a148a0044109fde8c60289a132aa3cc0acecec233
UNP,0000100885,Union Pacific Corporation,industrials,1da70e388170a87f820999a2ed800b96914fa7cbe698e8e1291ac60fc176ba28
LMT,0000936468,Lockheed Martin,industrials,1faaf1b0a2e6012bb9237f1a71f437342dcf656721969287d617432547d63dcc
URI,0001067701,United Rentals,industrials,207543fe101ec52ee45588b21ca34659a8479e2f4c781502968d0abe72318273
INFO,0001598014,IHS Markit,industrials,26cfbd5fb9434090b9a25cb0875ccf264d34c173c5c4386f78cb464573377a41
FBHS,0001519751,Fortune Brands Home & Security,industrials,2c1ebc64006bc70177f4dfea695a0740ac199868d338124cb1fc7160a64e2666
NLSN,0001492633,Nielsen Holdings,industrials,34966d5167511fbdb643ac0fcaf1b932c5645f2f44c9fa5e7630f49567a81ae1
EMR,0000032604,Emerson Electric,industrials,3605fa9e150b364c210306c3c8e89eebd716a52251e4c5b275ab95efaa1de762
FLS,0000030625,Flowserve Corporation,industrials,40e18b86f019836c29044e1c4a583792296efe6303d112e00c61416097896db8
ALK,0000766421,Alaska Air Group,industrials,42142b9137f76ab946e0ea46d353533b5587f998cafc99d4deb64ae5b00c5e9b
ODFL,0000878927,Old Dominion,industrials,45427ddd80967b09d41e75745737590c304ae874abb3fba297ecdea6044c2374
GWW,0000277135,W. W. Grainger,industrials,461e217a437c7425207099258e01eec46032e10a1336450efaf0fb315cf40f2f
DD,0001666700,DuPont,industrials,489ebe94454342ed25accc7728742da32a17de1eb8070bc2c9c31bd95da19e1a
CMI,0000026172,Cummins,industrials,4a3dd91fd70e4c12685547b1a5fcb5617691b2ac9e284d93641fc4f0bb02a515
TDG,0001260221,TransDigm Group,industrials,4a5d8749322fa9b10445edb1d355506df18d19854557e7cf050befb046ec0e4c
MAS,0000062996,Masco,industrials,4c4ca5ebeea979038322acaf315a63520b863d90e710bc407c87d92c31d4a79a
WAB,0000943452,Wabtec,industrials,4dcb872f80ea1694689c66de38091a5fdcfaa413a6b47665a15d132e9c4aff77
J,0000052988,Jacobs Solutions,industrials,4f5b8de62b70bd3f13e4c5e590e7815cae293dac7ea410bca8f025918e87b50a
DOV,0000029905,Dover Corporation,industrials,531531b294d3c0002e5d55273742fa6b96b7b1990031729f2090fbdfed93f104
LHX,0000202058,L3Harris,industrials,57349fd4bd4918e5d00d5c2c525a55e9d61e047c058c54700a41422fdc450c66
PH,0000076334,Parker Hannifin,industrials,5a13b1d8d436bba82a19ff5e4338d43b88a58a2408f6c9874fe236d91e277e3d
TXT,0000217346,Textron,industrials,5cb6796e5ecb6ed2786d8ffae86e2982bc9e9d6d87ca1fa0383f9b0663c9e014
NSC,0000702165,Norfolk Southern,industrials,658265e759db1dd0199d6d075a789878831f78b798eb5ef7d33c9d11688ffb44
LDOS,0001336920,Leidos,industrials,6795d58e488a4a37ee1db79379e3076dcb0df9573b7fbf2dd226c90ec49ed660
RSG,0001060391,Republic Services,industrials,6cc7fb29a354dd09875cabc2a343e7bc2697d1ac6fbd52276d99f02219c2c98a
DAL,0000027904,Delta Air Lines,industrials,6da82bf328458981f8d6a7afeaa3bb46221d7160ab3719d7e0fcc44d94995223
HII,0001501585,Huntington Ingalls Industries,industrials,6e8671b07fad6a780657c1b656d4ae77b2e2e1e425b580f87ec40bb66462ad8f
WM,0000823768,Waste Management,industrials,751c425d24c000f654edb9b4f8a0a3541b0a542e7558314bb20ffa55133e77d9
AAL,0000006201,American Airlines Group,industrials,7909182ea2f577f748a7ab64edf6c224f7f7c6e8043eaf3199199e2474f3a4ac
UPS,0001090727,United Parcel Service,industrials,7acd74f03dd636d6ba3250a549d5b57be72d017143cde433cf654affc0f68817
NOC,0001133421,Northrop Grumman,industrials,9080bd7364682548bfcb101dab7c33ba34cd7a95e6f872e661eb4c3d0da6077c
ETN,0001551182,Eaton Corporation,industrials,9182d86fb93ce3ed0517caf6638e4acbeb7f149c7ba0da1d4084abc84389d2ce
ITW,0000049826,Illinois Tool Works,industrials,924948029584f06bf1276168287cf14024f1bc759dc6c6a6a2a2eff109a07b55
JCI,0000833444,Johnson Controls,industrials,9f3e528af3620598ada8daffb3f1956e3f0c13430b1ed87704c15581f4a02edc
ADP,0000008670,Automatic Data Processing,industrials,aa8c29dc3b292d0edc44b06de4f047de6fdf06aec3dbc117af92d88a76dc6ca8
BR,0001383312,Broadridge Financial Solutions,industrials,ab076e157cfeb82f929f15b2acfa03cf9431ec7174994a7e5c571c5a2b451395
HWM,0000004281,Howmet Aerospace,industrials,b0387876a886254b156d3cf1949ce4d826d4c6153e5b1dbf42cc66b18257fbd4
KSU,0000054480,Kansas City Southern,industrials,b5e0ec0c52b8361afc06152eacadaf8e22bd0bafc75fa538516deed4619264ef
CAT,0000018230,Caterpillar Inc.,industrials,c1237c277334cc712bc3a74db9404071c718c25e515b3596ec3cb7af7d862f43
BA,0000012927,Boeing,industrials,c6ce385d40909f71e251e168fbfaa6ecb9f117bb317afc31b536b5a8e9ada0a7
ALLE,0001579241,Allegion,industrials,d20deae54857444814fabffb4db6c23666c3ad36882510214699e74ede7279ae
UAL,0000100517,United Airlines Holdings,industrials,d7c80861da3a6f86ce997a638f38bc2e949cdb457811910efa785df5d49c9301
FDX,0001048911,FedEx,industrials,d9a1cf8b63f27d4b6f11cf7be86622b5c76acac9fd6e00468c8043f9ecbf51b9
GD,0000040533,General Dynamics,industrials,df5313bde5863a3357252d453c3cc9fb669fbba5f3a11185c53bb4661cc330b2
RHI,0000315213,Robert Half,industrials,ea0c2c8e87152992e30f329ac80043a28199f7110fb87cd0b26587fac74e35ee
JBHT,0000728535,J.B. Hunt,industrials,ea75fc15930da9698c46080b6041bdde5cf5a148057fbdbbd50fbe44c3527103
FTV,0001659166,Fortive,industrials,ed32d1d080b256fc7342ee63c8b04af87c0745c1f3160c83db85f3e1fa3bb328
FAST,0000815556,Fastenal,industrials,f0aff3c720e051592b38dd259f1a6f84a87879d5587849f31c82bd5acad4eb6f
PAYX,0000723531,Paychex,industrials,f161297268e51dffc81fb92243b70e25bd03396fe8a35f6d934a88c529e736b5
ROL,0000084839,"Rollins, Inc.",industrials,f4b333ed4c77760ce6abb83913be2178d012300169ba2ff981c1e85ff4443ce2
PCAR,0000075362,Paccar,industrials,f62efa4744618db003710505d4a2e211fa095b44c205d40ec32bd1368c310661
SWK,0000093556,Stanley Black & Decker,industrials,f642084166652c8e0c43e7cfaf6e6ace2f4d5d02b0f0d6a5833723a6ea63e9a8
VRSK,0001442145,Verisk Analytics,industrials,f6d1d4d976b8a94106b883e537a69f6c926ba8a9ce3737046839695de223f658
RTX,0000101829,RTX Corporation,industrials,fab634866947e34fff227a946e1fef349e5f570241153f121a8036428f6b129d
KEYS,0001601046,Keysight Technologies,information_technology,0092453419ad103e2306a08182deb00fb0e22a752b2f0f846c5ad3d63aae7b77
IT,0000749251,Gartner,information_technology,00dd016470b7f9a30fee63d542cc87d4b6803930e763c39162c3419699590189
KLAC,0000319201,KLA Corporation,information_technology,033d8a59f7446ef94cb63917c9ef8dd6d0c74a9dd3c520c3062d10757c413264
NLOK,0000849399,NortonLifeLock,information_technology,06d9a360197ec39a5e8859f563a852a8099f8958314d50fb89d65a3b6a35b995
NVDA,0001045810,Nvidia,information_technology,0a94ec41284103d5ce6de10dae9a0bdee13fcd45ebc9938b449d2ad4edb24072
XLNX,0000743988,Xilinx,information_technology,1d30f1f7133c1a27f88fc297d9b018b2e852a5841e230e0712eb87e09d545fa7
SWKS,0000004127,Skyworks Solutions,information_technology,2691d1d4daed4e32ed72504bdd8e18a42cb1897eb8d1ecb775087b751728c612
CTXS,0000877890,Citrix,information_technology,32e24daed5a4ebb63fd2324d870af12b66577e47f3e0966b44019ab45e57a906
TDY,0001094285,Teledyne Technologies,information_technology,35b0506677299e4ce8561c91d11a02bb88d7e90eae7d5ca0b39cb2db68bb923a
AKAM,0001086222,Akamai Technologies,information_technology,3bf5a17e0ec89bef3b4141d6a3c61c9a25dcb0b6e381bae33842a64f1d549bbf
INTU,0000896878,Intuit,information_technology,477f3e30475636e78446bb78c23673a386f9fb5358ef295c463ecc30ba11c09c
CDNS,0000813672,Cadence Design Systems,information_technology,5089538d36266abdb5e51c100849a269359de50bec6a5c1f4e1148eb7567b216
CRM,0001108524,Salesforce,information_technology,53af4f4048110f859e465a50f2172b80dfa3a7e240001f3b2bf4c063084c2bf8
INTC,0000050863,Intel,information_technology,5691a77391266843cd8fbffc88ceb188e08dcef187d32e257a0b72679f777409
JNPR,0001043604,Juniper Networks,information_technology,5c871f3908b2c7a560f01ffce4550702976eea2b17da46a9832cd02aef1d5149
ROP,0000882835,Roper Technologies,information_technology,616cecd44bcca53290964dd3a0c409ec841bcef9d2b731ac82fad2a0854fcbe0
VRSN,0001014473,Verisign,information_technology,6513c959b32654ac2205918eced9be6c66897979a175b035b7489ccac8efe676
AVGO,0001730168,Broadcom,information_technology,69d05670c8e13454d1f47751bf220ab28551b96ee6b4669945968fe7c34442e9
ACN,0001467373,Accenture,information_technology,6a886d9c324b95ae186a24c918f3317cc72a4f7899ddff45558af1a87dcf5199
LRCX,0000707549,Lam Research,information_technology,6cc9225686f9dbf010bb90729c7a0b56742511a48e147b65b04ffcabfd885b78
SNPS,0000883241,Synopsys,information_technology,6d42219c04c596a5ad100145e075906efc02a7f165e1e7164b726d8a0ab9969c
WDC,0000106040,Western Digital,information_technology,7b11c2bb57bf3c5aa8053f24115a6ab12bbda3aec1b29db9879f479e90473b5f
HPQ,0000047217,HP Inc.,information_technology,8222e926fad67bd3cd7857dc1948b6831289345d50e0c2d73f5f89ba49f851a2
MSFT,0000789019,Microsoft,information_technology,89be7292b5ca2a4eab503ef75f49e101bd45ea03d27ce49d8a658165d6beed52
QRVO,0001604778,Qorvo,information_technology,89cad43af17e25e044b5d5833f10942be8ed4bb3f0f55ce6f2c190f7e0800676
ZBRA,0000877212,Zebra Technologies,information_technology,8ab0d39b839f47ebde206aeb37eea668262ecc3455e6ea90a278e39b53dfdf99
CTSH,0001058290,Cognizant,information_technology,8d02b69b9b360a31723e6c027a060eebb99b0a5605bcc325049386f866e25568
WU,0001365135,Western Union,information_technology,8f45f2afd1646fbf5f38f7d299453a12e27a1dc0fa393356383ab5d43ff02a7c
AMD,0000002488,Advanced Micro Devices,information_technology,967e47a062df654375aedde7ca6339beb2a3e1ac18d45882a5dc41abb1becae5
HPE,0001645590,Hewlett Packard Enterprise,information_technology,9edea5fea4626e9aca09f01e9710b1020c197094eeb7c32d7efb8dfd5d8c3a06
MXIM,0000743316,Maxim Integrated,information_technology,a19ea0e1a67d1f5188186e5fda32cd9e8b914701f2ff8b25eccbf3bd02950e31
QCOM,0000804328,Qualcomm,information_technology,a472400251f3f5ca089a9982220f5a4cce57cc3312baeeae4292735540c4f2ce
CSCO,0000858877,Cisco,information_technology,a7ac3c9f0acfc438fe9b6b2275463c244e9db8ec4b818c2f86de97ee9f4528b4
TER,0000097210,Teradyne,information_technology,b06cb7651a06eaba809ed0005197d069ec9b39f4289874d48088ce44873b1fe1
FTNT,0001262039,Fortinet,information_technology,bca1e8b9725d0a0665ddd5891a33c3744abece4a37f303b02b36c879464bdc24
ANET,0001596532,Arista Networks,information_technology,bfb2507acdd9e7c280ebf460367365e8f65f190fdb7240b5d327f20835cdb449
CDW,0001402057,CDW Corporation,information_technology,c7f3fe4808058b431460b469d2e1743e27e315fec6347bf16be16f903e822849
FFIV,0001048695,"F5, Inc.",information_technology,c8c7af3cd7c57100ce5f4fde02290768bc6678f168bb022eebc13632e5ac9fda
FLIR,0000354908,FLIR Systems,information_technology,cda823f9e0e869c32c58e2240f54a539cdd86eba37615ef455aec0b023c3377b
NTAP,0001002047,NetApp,information_technology,cfb4237d0ce3227b841c0b6a5ae079ceb97db024030676b0c7392a6b543e67b0
ANSS,0001013462,Ansys,information_technology,d594791dae61dfcc3cc823b352cdfb685505feee25bae2c219f2ad4253c98edb
IPGP,0001111928,IPG Photonics,information_technology,d6cf732318baa6d68d4e68d499fe667d12e5a1ae41e11c89a30a6fca9e9388ae
AMAT,0000006951,Applied Materials,information_technology,d9b25711cc82d76ea857cc421d2f44bf8b74e85d8cb2385e6ea890c027d91c54
ADBE,0000796343,Adobe Inc.,information_technology,e2731f038503de75b6d9cfb1ea65abcb22c614f596b4cacea396c55ac67ee2a7
ORCL,0001341439,Oracle Corporation,information_technology,e2738a025037cdf936ad8e3e0665a6744101912c37e4da8a85855f03997e85cb
TYL,0000860731,Tyler Technologies,information_technology,e848e6dea1655f6799a8a6d08dc71d5ef23c9171719c59e68493ad391a8ac5ef
ADI,0000006281,Analog Devices,information_technology,ea75dbba1083871dd8bde7f49764f8a9614ac9ba473d4fcf2a160f4f46e27388
MCHP,0000827054,Microchip Technology,information_technology,f65eb36995815d4bd6780c1deca6ceda3fdc2f9fa87f397cbcb575cd88b20233
DXC,0001688568,DXC Technology,information_technology,f673c002913fa848dd0e11b114e295e2196eda05330959dc7564355e51658460
APH,0000820313,Amphenol,information_technology,f8ab0a902da3f55c8947c399806a3c0085f6d291e4353a929a6652d6dbbfa578
IBM,0000051143,IBM,information_technology,fabaa89e079f4a8a699e6c420a568aeb18b8862e7d102ede61cc4ed280bfc6b8
XRX,0001770450,Xerox,information_technology,fbd3b2bee982c07c8333894900cb6bb1055bad02e85250936c5e8d591801a0a5
ADSK,0000769397,Autodesk,information_technology,fdd72fa35d8e50a0d5566434bbf1b87ced2a4e4d16b3c83d6d6e8d3bd741569e
MSI,0000068505,Motorola Solutions,information_technology,fde36b53663924bc9bd778db95b5be632948a44aab35245a36eb849f0d89a543
NUE,0000073309,Nucor,materials,165df16d5cf94068d7d58b339529e11720f9e2f3318a106ca59f057f1d1ad1e6
PKG,0000075677,Packaging Corporation of America,materials,16ee9f954e6ea0f39d7fb37c6fecfae2b7b30117df0c1a31f693ecee69ef87ac
ALB,0000915913,Albemarle Corporation,materials,1c445fad1e4d97095b5081f625f846f2cc38db5cc2501673647a50a7db921a03
CF,0001324404,CF Industries,materials,26b73c94e64c515f081e060fb4bf2be5512e7dbecc013b57bd9ce04b978b9b1c
MLM,0000916076,Martin Marietta Materials,materials,2fe583336dbf8fac969986fa7f1292b737dd52f0808eb8e5a8e763d99784d490
BLL,0000009389,Ball,materials,48151f22a87784f5d700a66b5d9abe1171b88a6a9d6dab99c2b0ab02f67947d9
MOS,0001285785,Mosaic Company (The),materials,4cdeea968b3ec130fba8e3441c26848746fe4d65be1f76bd7a7888e9125c10c7
SEE,0001012100,Sealed Air,materials,65803b49b24739a42ab38dae85b5602f7f59ba98088fcc3e9c56695d2f138912
SHW,0000089800,Sherwin-Williams,materials,73e78896a37edd9f8df02e6dade7f94f7495c60dc32767a57e68d44b27b47ffb
CE,0001306830,Celanese,materials,7ecc088ea8aeb6ce7c983b2e6daa0f1b11d192300a8e8628218d9cbe5be4402f
IFF,0000051253,International Flavors & Fragrances,materials,82fc90d20c9f4f4de17b62a61ecb8628edc23c6f4542edd71d84b714b5e52830
IP,0000051434,International Paper,materials,855228fe03994e6375476a9fa1072fc8b438502b41ea386eaafde42539ca0897
WRK,0001732845,WestRock,materials,861ccd14d748a097b89d3f1d0d33bc8e92d617e133ebfedb49c765bcd5f949e8
NEM,0001164727,Newmont,materials,8db9f22d8d5d059b7d1ecce493a5e28026c853c69f7d2cff9cfec57749677a18
DOW,0001751788,Dow Inc.,materials,9796351144d3879302f69c9e373532b142ff2d3823a51e12daee95e02a5bd434
CTVA,0001755672,Corteva,materials,9be62a329454daaceab98c1757af86575c8290f64b7fd74cb58003d9182a1405
LYB,0001489393,LyondellBasell,materials,9eeab7305d95ddc04b69f2648c60c4e2130b9f1aa6bbdcca0758de8dedc21df8
LIN,0001707925,Linde plc,materials,bcdbe265cb43b1105f19d9e84199ea82104ee13a51a841732fbdfae062c74c28
AMCR,0001748790,Amcor,materials,d15a429cb9283984966256b3d41330a7cb4be84d3b9b77eac604ca2327c00880
FMC,0000037785,FMC Corporation,materials,dd0f3eff51ec93889475107c51d2c6cf4091c0fd94257d8f89ef0854a67c616c
VMC,0001396009,Vulcan Materials Company,materials,de0b3cd7674ecd67e5f3ef41c6a418eb834f8ef7920a3b5c6efb0e2ab5d57e01
AVY,0000008818,Avery Dennison,materials,efb7bfd612e29a8e668bf59f7bf0dd8245113b288a9b6d338ea8cd77c3de1eb5
EMN,0000915389,Eastman Chemical Company,materials,f073e986d5c70ee21b83acbf1a7bbb5d836aaef01b879435d465401b3c2c5ada
PPG,0000079879,PPG Industries,materials,fba5264380419dbc77bd032f753ab99fe5a9ceb7f231ea6be0a5cb1a01336a25
EQIX,0001101239,Equinix,real_estate,0615636d4dc403e4f53b680389b79ddf8600173e608b204af83a2675484c5190
SBAC,0001034054,SBA Communications,real_estate,0c03f0f1a5ea08125391b413ef24cc991813f4c4efc0d3dedc43db9dffa3e2e3
AMT,0001053507,American Tower,real_estate,0c28a90cf6b8c07fb9b96934444f8f7e79b1644213ba9734975742fa0698354a
PEAK,0000765880,Healthpeak,real_estate,1d8ff49de2b10a3d89dcad5aa6003e4ca6676cb7dfc0e8c4f770b4df41b7da81
CBRE,0001138118,CBRE Group,real_estate,20577c3a8d6fc2a1f46c72b5fb3aae4beba94fdd419d622e3b6bf9d51156d278
PSA,0001393311,Public Storage,real_estate,251518ded169d6d540bc941f2682da432fa0123502e811a55908a5e23c56f68f
ESS,0000920522,Essex Property Trust,real_estate,34a69e94bac50ccf9bb3f4780db05d46957e5f7bf05d40c906cb96c69aef1a02
HST,0001070750,Host Hotels & Resorts,real_estate,3774a96815c6640c7f550e3c2e5901dc83268c7aa1fc8857a7eecdcd4b7c1a32
VNO,0000899689,Vornado Realty Trust,real_estate,3d348a39d1f54269e57ecd98fc6333216834b45a633db4811b9e2fbedb96e113
VTR,0000740260,Ventas,real_estate,3fb46bd5c26224a500a3cdb4aa3ca1b55de12b998d202f3b8d065ec6fb5b2a44
AIV,0000922864,Apartment Investment & Management,real_estate,4d77ee8b77d5f2fada8a7ac59622d40ba1ff0e170144825321d614da74de8d74
DRE,0000783280,Duke Realty,real_estate,4e4ecaae1d736dd20c4c961a895a4c9a31338224b8af637548104d752a806e20
WELL,0000766704,Welltower,real_estate,62551a49e17289d691dcf1afb87ba0ee84f0019f7a5de5b5feb9bdd13df24fd6
AVB,0000915912,AvalonBay Communities,real_estate,6e2faabb86071b886458a8e3e215ab1adf6efd7769706bad7177a39a0a649e53
DLR,0001297996,Digital Realty,real_estate,6fabc6e782532c7b1e665547c4bec6034cd6cd1d19f89315393bddecdf2469ff
REG,0000910606,Regency Centers,real_estate,7304c1562cc271f7133a1ce7de8db4a272d2f448cbd30ad06dff9d4cd819d89c
BXP,0001037540,"BXP, Inc.",real_estate,78173d2b6df582205f96c2ad30e9b5563072fb619f64749e276be333f2358f92
MAA,0000912595,Mid-America Apartment Communities,real_estate,7b3caa88df48e059058a9fcf74505a447276c14acc2c5bedc65273432689bedc
PLD,0001045609,Prologis,real_estate,7f624037c4fc7f2fc9033d5b3ee0c4e999001e8df13ad91e000d0e95abd1ac85
EQR,0000906107,Equity Residential,real_estate,a0b291cf360464a4ba35dc848252ffae5a9a6357862e947a654696aa8cad6de1
FRT,0000034903,Federal Realty Investment Trust,real_estate,a5519113e1358303f0a471ac9af07ca9165e69cfbd56ec1e5f8005cf6f0439da
O,0000726728,Realty Income,real_estate,a75127a89f4f3315fd79cda8c3d8390b68e581f8e422ea520a5e497d3164750c
EXR,0001289490,Extra Space Storage,real_estate,aa21a96653780a7dbd38592e2d1264dbce5e40feef2a6e3e333ae7e83a793e1e
KIM,0000879101,Kimco Realty,real_estate,aaad6219be87a66252aeb15c6bf85bafcc1c1ae8c01273bb6db72787c5505d54
SLG,0001040971,SL Green Realty,real_estate,b4494e733f15fb8b553b1109ff25b03a83d8fc0c17cccf5f07bf363c1927d319
ARE,0001035443,Alexandria Real Estate Equities,real_estate,b79c4f93c80804e449a2b3943cf6411fd69a45c27a62965524968e841c3a8ab3
IRM,0001020569,Iron Mountain,real_estate,de7702e971112d35f85085e06ac57c4b0901a18f8ac6573beb83bd855bff735e
CCI,0001051470,Crown Castle,real_estate,def91251dfb1565a4899854b764c1b8c6987d7f46a2fa2545ffa5742cbdef464
WY,0000106535,Weyerhaeuser,real_estate,ed474c55a55b7c4dfb08a968c0b0e6c7bc13f216da4ed94436ce1623a4325b94
SPG,0001063761,Simon Property Group,real_estate,ee270f1ee80d25d8d6d53e7e9685a5c4c716af4f4a7bcbdb10ed1c274d595262
UDR,0000074208,"UDR, Inc.",real_estate,f2487ced88161c23ee04637a6a05b54d23d75d2df630b7bad9da9a494b509633
LNT,0000352541,Alliant Energy,utilities,0368a00cc87e72d8286d2ad52a741093257d13afab0b3f7208dea4afaf156649
ED,0001047862,Consolidated Edison,utilities,0458a25a7dc600a989aa63891b375939ec580e1b7f9dc26ea18c02bfaf7b8a61
CNP,0001130310,CenterPoint Energy,utilities,1a6b954efd2288a872a42bfdcfa658f34de948a4e1009aa9b6e3934e50733c1d
D,0000715957,Dominion Energy,utilities,1ccda7b5d4e5988afad847c6d72e634000d7f3870e1746cb6b9f5abadc4cf4f4
CMS,0000811156,CMS Energy,utilities,3edbb444af8e59da9da8e33dc3117f757a39984a2d9a5c7d9a69793f979579cd
DTE,0000936340,DTE Energy,utilities,4181a67df7982212b70ac3c3f7ed5903b48b79da9fc4286e1051e00f638de48d
PNW,0000764622,Pinnacle West Capital,utilities,43e0d70555874b3a9bacc7fcf82d74a5c1afac45769b9406db9e80fcb3850f4c
FE,0001031296,FirstEnergy,utilities,46a451c376ae9f03b4a39c15d0522498b2e312ab733fac3153160ff8e408f957
DUK,0001326160,Duke Energy,utilities,5491452c33b1fc84d5b24cf571049806f58ed1f90e845111824a0246df58d076
EVRG,0001711269,Evergy,utilities,6420ea992966c8d1e46feccc1c3b3a93a26681c2ae930d4762e28ce9fbff175a
EIX,0000827052,Edison International,utilities,83972d099a8f3f42092adf7c58aa3be2ed338a7a0ce596238f02c17eba13a2c3
AES,0000874761,AES Corporation,utilities,9224dc17c2fafee0c7ac10cb29e8c486f61421b39954fd08e218e1401de11d88
AWK,0001410636,American Water Works,utilities,9c25b84ec38507bbeb7949e57b4982ccb5be2943e4730e839701a40e935c4341
EXC,0001109357,Exelon,utilities,9decfc9d145d8ed2cdda3363f0e31890311acf0a342c0bc00fa6f8cc2ebc8640
XEL,0000072903,Xcel Energy,utilities,a069550e392b07f3b298d54ecedeb0be971bfd513f020b927eb13893094b371c
NI,0001111711,NiSource,utilities,b9d4a89be1cb8fd5573b2966cf1b40e97c0b6927c48e0d6cd1c6c953438b529f
PEG,0000788784,Public Service Enterprise Group,utilities,bb73b1de2ebe5698bb48140d378e463d190570cc9c75d9536a865aabd125e068
AEP,0000004904,American Electric Power,utilities,bc6abc61ddbade966eb83bc157b60a49973dc1ded6599145d077c328797821ce
SRE,0001032208,Sempra,utilities,dbc3d0cbd48215e1d52c3344059e800397d1ec9113041df08ec9b569a60e514e
WEC,0000783325,WEC Energy Group,utilities,dbef5785bfc385d7fecebdb4e5ef71b9b835d1fe2fe15a2d47688c66b0e3c82e
AEE,0001002910,Ameren,utilities,e07776a3028746ccbf2a68ad3ee514f11ffb377a415c2e3c72d348ce440d3333
SO,0000092122,Southern Company,utilities,e1ac97ddbae6559c5d53057ee2f2a369cbcb917526b4aa86798392a451d9142b
PPL,0000922224,PPL Corporation,utilities,e51a1670174ba4c1fd871b0dbcec17c37da55ae09962f8c73e5a56a5a37adacd
