sample_order,sector,ticker,company_name,F5_primary_classification,F5_signal_strength,H06_intensity_binary,semantic_acceleration,affected_actor,trajectory_rationale,batch_status
1,communication_services,FOX,Fox Corporation,SP002,Strong,HIGH,NO,Affiliate/distribution customers,Existing contractual rate-yield model was already explicit at F1; later filings repeat higher rates per subscriber and renewals without semantic escalation.,FROZEN_WITHIN_BATCH_PRE_OUTCOME
2,communication_services,CMCSA,Comcast,SP002,Strong,HIGH,NO,Residential/business subscribers,Rate adjustments and higher average rates were already an operating revenue mechanism at F1 and persist through F5; trajectory is strong but static.,FROZEN_WITHIN_BATCH_PRE_OUTCOME
3,communication_services,LUMN,Lumen Technologies,SP003,Moderate,LOW,YES,Legacy wireline/business customers,F1 described mature-service decline and some discontinuation of unprofitable relationships; by F5 the language becomes product-portfolio simplification tied to demand/profitability and greater-bandwidth migration.,FROZEN_WITHIN_BATCH_PRE_OUTCOME
4,communication_services,DIS,Walt Disney Company,SP003,Strong,HIGH,YES,Linear-channel/DTC customers,DTC was operating from F1 but the trajectory becomes materially more explicit about shifting the primary monetization architecture from international linear channels toward DTC.,FROZEN_WITHIN_BATCH_PRE_OUTCOME
5,communication_services,OMC,Omnicom Group,No Signal,N/A,LOW,NO,N/A,Filings describe client service mix demand and efficiency but do not identify a qualifying SP001–SP004 customer-economic mechanism.,FROZEN_WITHIN_BATCH_PRE_OUTCOME
6,communication_services,DISH,Dish Network,SP002,Very Strong,HIGH,NO,Pay-TV subscribers,Package price increases and ARPU yield were already explicit at F1; later filings show larger ARPU effects and pass-through language but the mechanism itself is pre-existing.,FROZEN_WITHIN_BATCH_PRE_OUTCOME
7,communication_services,ATVI,Activision Blizzard,SP002,Strong,HIGH,NO,Existing players,Recurring monetization through downloadable content and microtransactions is explicit at F1 and remains the same established high-margin in-game yield model through F5.,FROZEN_WITHIN_BATCH_PRE_OUTCOME
8,communication_services,TWTR,Twitter Inc.,No Signal,N/A,LOW,NO,N/A,Monetization language is principally advertiser/data-business monetization or generic future monetization risk not a qualifying customer-economic action under H06.,FROZEN_WITHIN_BATCH_PRE_OUTCOME
9,communication_services,LYV,Live Nation Entertainment,SP002,Strong,HIGH,NO,Fans/ticket buyers,Premium tickets ancillary revenue per fan upsell programs and spend-per-head optimization are already explicit at F1 and persist as an established model.,FROZEN_WITHIN_BATCH_PRE_OUTCOME
