sample_order,sector,sector_rank,ticker,company_name,CIK,filing_position,form,filing_date,accession_number,sec_locator,verification_status,verification_note,classification,signal_strength,temporal_state,affected_actor,origin_status,evidence_summary,specificity,novelty,persistence,commercial_explicitness,scorer_confidence
99,health_care,1,DHR,Danaher Corporation,0000313616,F1,10-Q,2019-10-24,0000313616-19-000148,https://www.sec.gov/Archives/edgar/data/313616/0000313616-19-000148.txt,VERIFIED_FROM_OFFICIAL_SEC_MASTER_INDEX,Corrected pre-T0 universe; sequential 10-Q/10-K under frozen H06 F5 rule,SP002,Strong,IMPLEMENTATION,Laboratory/life-science customers,Company-originated commercial model,Segment price increases are already contributing to sales at F1 and remain an established pricing mechanism; high intensity but not accelerating.,High,Pre-existing,Persistent,High,High
99,health_care,1,DHR,Danaher Corporation,0000313616,F2,10-K,2020-02-21,0000313616-20-000041,https://www.sec.gov/Archives/edgar/data/313616/0000313616-20-000041.txt,VERIFIED_FROM_OFFICIAL_SEC_MASTER_INDEX,Corrected pre-T0 universe; sequential 10-Q/10-K under frozen H06 F5 rule,SP002,Strong,IMPLEMENTATION,Laboratory/life-science customers,Company-originated commercial model,Segment price increases are already contributing to sales at F1 and remain an established pricing mechanism; high intensity but not accelerating.,High,Pre-existing,Persistent,High,High
99,health_care,1,DHR,Danaher Corporation,0000313616,F3,10-Q,2020-05-06,0000313616-20-000093,https://www.sec.gov/Archives/edgar/data/313616/0000313616-20-000093.txt,VERIFIED_FROM_OFFICIAL_SEC_MASTER_INDEX,Corrected pre-T0 universe; sequential 10-Q/10-K under frozen H06 F5 rule,SP002,Strong,IMPLEMENTATION,Laboratory/life-science customers,Company-originated commercial model,Segment price increases are already contributing to sales at F1 and remain an established pricing mechanism; high intensity but not accelerating.,High,Pre-existing,Persistent,High,High
99,health_care,1,DHR,Danaher Corporation,0000313616,F4,10-Q,2020-07-23,0000313616-20-000120,https://www.sec.gov/Archives/edgar/data/313616/0000313616-20-000120.txt,VERIFIED_FROM_OFFICIAL_SEC_MASTER_INDEX,Corrected pre-T0 universe; sequential 10-Q/10-K under frozen H06 F5 rule,SP002,Strong,IMPLEMENTATION,Laboratory/life-science customers,Company-originated commercial model,Segment price increases are already contributing to sales at F1 and remain an established pricing mechanism; high intensity but not accelerating.,High,Pre-existing,Persistent,High,High
99,health_care,1,DHR,Danaher Corporation,0000313616,F5,10-Q,2020-10-22,0000313616-20-000142,https://www.sec.gov/Archives/edgar/data/313616/0000313616-20-000142.txt,VERIFIED_FROM_OFFICIAL_SEC_MASTER_INDEX,Corrected pre-T0 universe; sequential 10-Q/10-K under frozen H06 F5 rule,SP002,Strong,IMPLEMENTATION,Laboratory/life-science customers,Company-originated commercial model,Segment price increases are already contributing to sales at F1 and remain an established pricing mechanism; high intensity but not accelerating.,High,Pre-existing,Persistent,High,High
100,health_care,2,IQV,IQVIA,0001478242,F1,10-Q,2019-11-01,0001564590-19-039268,https://www.sec.gov/Archives/edgar/data/1478242/0001564590-19-039268.txt,VERIFIED_FROM_OFFICIAL_SEC_MASTER_INDEX,Corrected pre-T0 universe; sequential 10-Q/10-K under frozen H06 F5 rule,No Signal,N/A,N/A,N/A,N/A,Fixed-price and migration references do not establish a qualifying customer-economic action.,N/A,N/A,None,N/A,High
100,health_care,2,IQV,IQVIA,0001478242,F2,10-K,2020-02-18,0001564590-20-004901,https://www.sec.gov/Archives/edgar/data/1478242/0001564590-20-004901.txt,VERIFIED_FROM_OFFICIAL_SEC_MASTER_INDEX,Corrected pre-T0 universe; sequential 10-Q/10-K under frozen H06 F5 rule,No Signal,N/A,N/A,N/A,N/A,Fixed-price and migration references do not establish a qualifying customer-economic action.,N/A,N/A,None,N/A,High
100,health_care,2,IQV,IQVIA,0001478242,F3,10-Q,2020-04-30,0001478242-20-000029,https://www.sec.gov/Archives/edgar/data/1478242/0001478242-20-000029.txt,VERIFIED_FROM_OFFICIAL_SEC_MASTER_INDEX,Corrected pre-T0 universe; sequential 10-Q/10-K under frozen H06 F5 rule,No Signal,N/A,N/A,N/A,N/A,Fixed-price and migration references do not establish a qualifying customer-economic action.,N/A,N/A,None,N/A,High
100,health_care,2,IQV,IQVIA,0001478242,F4,10-Q,2020-07-23,0001478242-20-000047,https://www.sec.gov/Archives/edgar/data/1478242/0001478242-20-000047.txt,VERIFIED_FROM_OFFICIAL_SEC_MASTER_INDEX,Corrected pre-T0 universe; sequential 10-Q/10-K under frozen H06 F5 rule,No Signal,N/A,N/A,N/A,N/A,Fixed-price and migration references do not establish a qualifying customer-economic action.,N/A,N/A,None,N/A,High
100,health_care,2,IQV,IQVIA,0001478242,F5,10-Q,2020-10-22,0001478242-20-000075,https://www.sec.gov/Archives/edgar/data/1478242/0001478242-20-000075.txt,VERIFIED_FROM_OFFICIAL_SEC_MASTER_INDEX,Corrected pre-T0 universe; sequential 10-Q/10-K under frozen H06 F5 rule,No Signal,N/A,N/A,N/A,N/A,Fixed-price and migration references do not establish a qualifying customer-economic action.,N/A,N/A,None,N/A,High
101,health_care,3,ABMD,Abiomed,0000815094,F1,10-Q,2019-10-31,0001564590-19-039144,https://www.sec.gov/Archives/edgar/data/815094/0001564590-19-039144.txt,VERIFIED_FROM_OFFICIAL_SEC_MASTER_INDEX,Corrected pre-T0 universe; sequential 10-Q/10-K under frozen H06 F5 rule,No Signal,N/A,N/A,N/A,N/A,"No qualifying customer pricing, entitlement, migration, or cost-transfer mechanism is established.",N/A,N/A,None,N/A,High
101,health_care,3,ABMD,Abiomed,0000815094,F2,10-Q,2020-02-06,0001564590-20-003682,https://www.sec.gov/Archives/edgar/data/815094/0001564590-20-003682.txt,VERIFIED_FROM_OFFICIAL_SEC_MASTER_INDEX,Corrected pre-T0 universe; sequential 10-Q/10-K under frozen H06 F5 rule,No Signal,N/A,N/A,N/A,N/A,"No qualifying customer pricing, entitlement, migration, or cost-transfer mechanism is established.",N/A,N/A,None,N/A,High
101,health_care,3,ABMD,Abiomed,0000815094,F3,10-K,2020-05-21,0001564590-20-026547,https://www.sec.gov/Archives/edgar/data/815094/0001564590-20-026547.txt,VERIFIED_FROM_OFFICIAL_SEC_MASTER_INDEX,Corrected pre-T0 universe; sequential 10-Q/10-K under frozen H06 F5 rule,No Signal,N/A,N/A,N/A,N/A,"No qualifying customer pricing, entitlement, migration, or cost-transfer mechanism is established.",N/A,N/A,None,N/A,High
101,health_care,3,ABMD,Abiomed,0000815094,F4,10-Q,2020-08-06,0001564590-20-037706,https://www.sec.gov/Archives/edgar/data/815094/0001564590-20-037706.txt,VERIFIED_FROM_OFFICIAL_SEC_MASTER_INDEX,Corrected pre-T0 universe; sequential 10-Q/10-K under frozen H06 F5 rule,No Signal,N/A,N/A,N/A,N/A,"No qualifying customer pricing, entitlement, migration, or cost-transfer mechanism is established.",N/A,N/A,None,N/A,High
101,health_care,3,ABMD,Abiomed,0000815094,F5,10-Q,2020-11-06,0001564590-20-051944,https://www.sec.gov/Archives/edgar/data/815094/0001564590-20-051944.txt,VERIFIED_FROM_OFFICIAL_SEC_MASTER_INDEX,Corrected pre-T0 universe; sequential 10-Q/10-K under frozen H06 F5 rule,No Signal,N/A,N/A,N/A,N/A,"No qualifying customer pricing, entitlement, migration, or cost-transfer mechanism is established.",N/A,N/A,None,N/A,High
102,health_care,4,MDT,Medtronic,0001613103,F1,10-Q,2019-08-30,0001613103-19-000038,https://www.sec.gov/Archives/edgar/data/1613103/0001613103-19-000038.txt,VERIFIED_FROM_OFFICIAL_SEC_MASTER_INDEX,Corrected pre-T0 universe; sequential 10-Q/10-K under frozen H06 F5 rule,No Signal,N/A,N/A,N/A,N/A,Derivative/reference-rate discontinuation language is accounting/financing rather than customer-product withdrawal.,N/A,N/A,None,N/A,High
102,health_care,4,MDT,Medtronic,0001613103,F2,10-Q,2019-12-03,0001613103-19-000056,https://www.sec.gov/Archives/edgar/data/1613103/0001613103-19-000056.txt,VERIFIED_FROM_OFFICIAL_SEC_MASTER_INDEX,Corrected pre-T0 universe; sequential 10-Q/10-K under frozen H06 F5 rule,No Signal,N/A,N/A,N/A,N/A,Derivative/reference-rate discontinuation language is accounting/financing rather than customer-product withdrawal.,N/A,N/A,None,N/A,High
102,health_care,4,MDT,Medtronic,0001613103,F3,10-Q,2020-02-28,0001613103-20-000007,https://www.sec.gov/Archives/edgar/data/1613103/0001613103-20-000007.txt,VERIFIED_FROM_OFFICIAL_SEC_MASTER_INDEX,Corrected pre-T0 universe; sequential 10-Q/10-K under frozen H06 F5 rule,No Signal,N/A,N/A,N/A,N/A,Derivative/reference-rate discontinuation language is accounting/financing rather than customer-product withdrawal.,N/A,N/A,None,N/A,High
102,health_care,4,MDT,Medtronic,0001613103,F4,10-K,2020-06-19,0001613103-20-000021,https://www.sec.gov/Archives/edgar/data/1613103/0001613103-20-000021.txt,VERIFIED_FROM_OFFICIAL_SEC_MASTER_INDEX,Corrected pre-T0 universe; sequential 10-Q/10-K under frozen H06 F5 rule,No Signal,N/A,N/A,N/A,N/A,Derivative/reference-rate discontinuation language is accounting/financing rather than customer-product withdrawal.,N/A,N/A,None,N/A,High
102,health_care,4,MDT,Medtronic,0001613103,F5,10-Q,2020-09-03,0001613103-20-000033,https://www.sec.gov/Archives/edgar/data/1613103/0001613103-20-000033.txt,VERIFIED_FROM_OFFICIAL_SEC_MASTER_INDEX,Corrected pre-T0 universe; sequential 10-Q/10-K under frozen H06 F5 rule,No Signal,N/A,N/A,N/A,N/A,Derivative/reference-rate discontinuation language is accounting/financing rather than customer-product withdrawal.,N/A,N/A,None,N/A,High
103,health_care,5,MCK,McKesson Corporation,0000927653,F1,10-Q,2019-10-30,0000927653-19-000021,https://www.sec.gov/Archives/edgar/data/927653/0000927653-19-000021.txt,VERIFIED_FROM_OFFICIAL_SEC_MASTER_INDEX,Corrected pre-T0 universe; sequential 10-Q/10-K under frozen H06 F5 rule,No Signal,N/A,N/A,N/A,N/A,Drug price increases are described as market/industry growth rather than a company-originated customer action.,N/A,N/A,None,N/A,High
103,health_care,5,MCK,McKesson Corporation,0000927653,F2,10-Q,2020-02-04,0000927653-20-000016,https://www.sec.gov/Archives/edgar/data/927653/0000927653-20-000016.txt,VERIFIED_FROM_OFFICIAL_SEC_MASTER_INDEX,Corrected pre-T0 universe; sequential 10-Q/10-K under frozen H06 F5 rule,No Signal,N/A,N/A,N/A,N/A,Drug price increases are described as market/industry growth rather than a company-originated customer action.,N/A,N/A,None,N/A,High
103,health_care,5,MCK,McKesson Corporation,0000927653,F3,10-K,2020-05-22,0000927653-20-000033,https://www.sec.gov/Archives/edgar/data/927653/0000927653-20-000033.txt,VERIFIED_FROM_OFFICIAL_SEC_MASTER_INDEX,Corrected pre-T0 universe; sequential 10-Q/10-K under frozen H06 F5 rule,No Signal,N/A,N/A,N/A,N/A,Drug price increases are described as market/industry growth rather than a company-originated customer action.,N/A,N/A,None,N/A,High
103,health_care,5,MCK,McKesson Corporation,0000927653,F4,10-Q,2020-08-03,0000927653-20-000061,https://www.sec.gov/Archives/edgar/data/927653/0000927653-20-000061.txt,VERIFIED_FROM_OFFICIAL_SEC_MASTER_INDEX,Corrected pre-T0 universe; sequential 10-Q/10-K under frozen H06 F5 rule,No Signal,N/A,N/A,N/A,N/A,Drug price increases are described as market/industry growth rather than a company-originated customer action.,N/A,N/A,None,N/A,High
103,health_care,5,MCK,McKesson Corporation,0000927653,F5,10-Q,2020-11-03,0000927653-20-000093,https://www.sec.gov/Archives/edgar/data/927653/0000927653-20-000093.txt,VERIFIED_FROM_OFFICIAL_SEC_MASTER_INDEX,Corrected pre-T0 universe; sequential 10-Q/10-K under frozen H06 F5 rule,No Signal,N/A,N/A,N/A,N/A,Drug price increases are described as market/industry growth rather than a company-originated customer action.,N/A,N/A,None,N/A,High
104,health_care,6,REGN,Regeneron Pharmaceuticals,0000872589,F1,10-Q,2019-11-05,0001532176-19-000034,https://www.sec.gov/Archives/edgar/data/872589/0001532176-19-000034.txt,VERIFIED_FROM_OFFICIAL_SEC_MASTER_INDEX,Corrected pre-T0 universe; sequential 10-Q/10-K under frozen H06 F5 rule,No Signal,N/A,N/A,N/A,N/A,"Rebate and inflation language reflects statutory pricing rules and regulation, not a new company-originated customer action.",N/A,N/A,None,N/A,High
104,health_care,6,REGN,Regeneron Pharmaceuticals,0000872589,F2,10-K,2020-02-07,0001532176-20-000008,https://www.sec.gov/Archives/edgar/data/872589/0001532176-20-000008.txt,VERIFIED_FROM_OFFICIAL_SEC_MASTER_INDEX,Corrected pre-T0 universe; sequential 10-Q/10-K under frozen H06 F5 rule,No Signal,N/A,N/A,N/A,N/A,"Rebate and inflation language reflects statutory pricing rules and regulation, not a new company-originated customer action.",N/A,N/A,None,N/A,High
104,health_care,6,REGN,Regeneron Pharmaceuticals,0000872589,F3,10-Q,2020-05-05,0001804220-20-000011,https://www.sec.gov/Archives/edgar/data/872589/0001804220-20-000011.txt,VERIFIED_FROM_OFFICIAL_SEC_MASTER_INDEX,Corrected pre-T0 universe; sequential 10-Q/10-K under frozen H06 F5 rule,No Signal,N/A,N/A,N/A,N/A,"Rebate and inflation language reflects statutory pricing rules and regulation, not a new company-originated customer action.",N/A,N/A,None,N/A,High
104,health_care,6,REGN,Regeneron Pharmaceuticals,0000872589,F4,10-Q,2020-08-05,0001804220-20-000022,https://www.sec.gov/Archives/edgar/data/872589/0001804220-20-000022.txt,VERIFIED_FROM_OFFICIAL_SEC_MASTER_INDEX,Corrected pre-T0 universe; sequential 10-Q/10-K under frozen H06 F5 rule,No Signal,N/A,N/A,N/A,N/A,"Rebate and inflation language reflects statutory pricing rules and regulation, not a new company-originated customer action.",N/A,N/A,None,N/A,High
104,health_care,6,REGN,Regeneron Pharmaceuticals,0000872589,F5,10-Q,2020-11-05,0001804220-20-000030,https://www.sec.gov/Archives/edgar/data/872589/0001804220-20-000030.txt,VERIFIED_FROM_OFFICIAL_SEC_MASTER_INDEX,Corrected pre-T0 universe; sequential 10-Q/10-K under frozen H06 F5 rule,No Signal,N/A,N/A,N/A,N/A,"Rebate and inflation language reflects statutory pricing rules and regulation, not a new company-originated customer action.",N/A,N/A,None,N/A,High
105,health_care,7,ALGN,Align Technology,0001097149,F1,10-Q,2019-10-31,0001097149-19-000036,https://www.sec.gov/Archives/edgar/data/1097149/0001097149-19-000036.txt,VERIFIED_FROM_OFFICIAL_SEC_MASTER_INDEX,Corrected pre-T0 universe; sequential 10-Q/10-K under frozen H06 F5 rule,SP002,Strong,IMPLEMENTATION,Clear-aligner customers,Company-originated commercial model,Higher ASP from price increases and mix is already explicit at F1 and persists; strong but static existing-customer yield optimization.,High,Pre-existing,Persistent,High,High
105,health_care,7,ALGN,Align Technology,0001097149,F2,10-K,2020-02-28,0001097149-20-000008,https://www.sec.gov/Archives/edgar/data/1097149/0001097149-20-000008.txt,VERIFIED_FROM_OFFICIAL_SEC_MASTER_INDEX,Corrected pre-T0 universe; sequential 10-Q/10-K under frozen H06 F5 rule,SP002,Strong,IMPLEMENTATION,Clear-aligner customers,Company-originated commercial model,Higher ASP from price increases and mix is already explicit at F1 and persists; strong but static existing-customer yield optimization.,High,Pre-existing,Persistent,High,High
105,health_care,7,ALGN,Align Technology,0001097149,F3,10-Q,2020-05-05,0001097149-20-000025,https://www.sec.gov/Archives/edgar/data/1097149/0001097149-20-000025.txt,VERIFIED_FROM_OFFICIAL_SEC_MASTER_INDEX,Corrected pre-T0 universe; sequential 10-Q/10-K under frozen H06 F5 rule,SP002,Strong,IMPLEMENTATION,Clear-aligner customers,Company-originated commercial model,Higher ASP from price increases and mix is already explicit at F1 and persists; strong but static existing-customer yield optimization.,High,Pre-existing,Persistent,High,High
105,health_care,7,ALGN,Align Technology,0001097149,F4,10-Q,2020-07-31,0001097149-20-000049,https://www.sec.gov/Archives/edgar/data/1097149/0001097149-20-000049.txt,VERIFIED_FROM_OFFICIAL_SEC_MASTER_INDEX,Corrected pre-T0 universe; sequential 10-Q/10-K under frozen H06 F5 rule,SP002,Strong,IMPLEMENTATION,Clear-aligner customers,Company-originated commercial model,Higher ASP from price increases and mix is already explicit at F1 and persists; strong but static existing-customer yield optimization.,High,Pre-existing,Persistent,High,High
105,health_care,7,ALGN,Align Technology,0001097149,F5,10-Q,2020-10-30,0001097149-20-000052,https://www.sec.gov/Archives/edgar/data/1097149/0001097149-20-000052.txt,VERIFIED_FROM_OFFICIAL_SEC_MASTER_INDEX,Corrected pre-T0 universe; sequential 10-Q/10-K under frozen H06 F5 rule,SP002,Strong,IMPLEMENTATION,Clear-aligner customers,Company-originated commercial model,Higher ASP from price increases and mix is already explicit at F1 and persists; strong but static existing-customer yield optimization.,High,Pre-existing,Persistent,High,High
106,health_care,8,ABBV,AbbVie,0001551152,F1,10-Q,2019-11-06,0001551152-19-000030,https://www.sec.gov/Archives/edgar/data/1551152/0001551152-19-000030.txt,VERIFIED_FROM_OFFICIAL_SEC_MASTER_INDEX,Corrected pre-T0 universe; sequential 10-Q/10-K under frozen H06 F5 rule,No Signal,N/A,N/A,N/A,N/A,Pricing references are primarily regulatory-risk discussion rather than a concrete company action in the frozen trajectory.,N/A,N/A,None,N/A,High
106,health_care,8,ABBV,AbbVie,0001551152,F2,10-K,2020-02-21,0001551152-20-000007,https://www.sec.gov/Archives/edgar/data/1551152/0001551152-20-000007.txt,VERIFIED_FROM_OFFICIAL_SEC_MASTER_INDEX,Corrected pre-T0 universe; sequential 10-Q/10-K under frozen H06 F5 rule,No Signal,N/A,N/A,N/A,N/A,Pricing references are primarily regulatory-risk discussion rather than a concrete company action in the frozen trajectory.,N/A,N/A,None,N/A,High
106,health_care,8,ABBV,AbbVie,0001551152,F3,10-Q,2020-05-08,0001551152-20-000015,https://www.sec.gov/Archives/edgar/data/1551152/0001551152-20-000015.txt,VERIFIED_FROM_OFFICIAL_SEC_MASTER_INDEX,Corrected pre-T0 universe; sequential 10-Q/10-K under frozen H06 F5 rule,No Signal,N/A,N/A,N/A,N/A,Pricing references are primarily regulatory-risk discussion rather than a concrete company action in the frozen trajectory.,N/A,N/A,None,N/A,High
106,health_care,8,ABBV,AbbVie,0001551152,F4,10-Q,2020-08-04,0001551152-20-000023,https://www.sec.gov/Archives/edgar/data/1551152/0001551152-20-000023.txt,VERIFIED_FROM_OFFICIAL_SEC_MASTER_INDEX,Corrected pre-T0 universe; sequential 10-Q/10-K under frozen H06 F5 rule,No Signal,N/A,N/A,N/A,N/A,Pricing references are primarily regulatory-risk discussion rather than a concrete company action in the frozen trajectory.,N/A,N/A,None,N/A,High
106,health_care,8,ABBV,AbbVie,0001551152,F5,10-Q,2020-11-04,0001551152-20-000032,https://www.sec.gov/Archives/edgar/data/1551152/0001551152-20-000032.txt,VERIFIED_FROM_OFFICIAL_SEC_MASTER_INDEX,Corrected pre-T0 universe; sequential 10-Q/10-K under frozen H06 F5 rule,No Signal,N/A,N/A,N/A,N/A,Pricing references are primarily regulatory-risk discussion rather than a concrete company action in the frozen trajectory.,N/A,N/A,None,N/A,High
107,health_care,9,BIO,Bio-Rad Laboratories,0000012208,F1,10-Q,2019-11-01,0001628280-19-013083,https://www.sec.gov/Archives/edgar/data/12208/0001628280-19-013083.txt,VERIFIED_FROM_OFFICIAL_SEC_MASTER_INDEX,Corrected pre-T0 universe; sequential 10-Q/10-K under frozen H06 F5 rule,SP004,Moderate,IMPLEMENTATION,Laboratory/research customers,Company-originated commercial model,"F5 explicitly links inflationary acquired-goods costs to attempted price recovery, but the language stresses inability/restriction and does not establish a Strong implemented transfer.",Moderate,Pre-existing,Persistent,Moderate,High
107,health_care,9,BIO,Bio-Rad Laboratories,0000012208,F2,10-K,2020-03-02,0000012208-20-000012,https://www.sec.gov/Archives/edgar/data/12208/0000012208-20-000012.txt,VERIFIED_FROM_OFFICIAL_SEC_MASTER_INDEX,Corrected pre-T0 universe; sequential 10-Q/10-K under frozen H06 F5 rule,SP004,Moderate,IMPLEMENTATION,Laboratory/research customers,Company-originated commercial model,"F5 explicitly links inflationary acquired-goods costs to attempted price recovery, but the language stresses inability/restriction and does not establish a Strong implemented transfer.",Moderate,Pre-existing,Persistent,Moderate,High
107,health_care,9,BIO,Bio-Rad Laboratories,0000012208,F3,10-Q,2020-05-08,0000012208-20-000022,https://www.sec.gov/Archives/edgar/data/12208/0000012208-20-000022.txt,VERIFIED_FROM_OFFICIAL_SEC_MASTER_INDEX,Corrected pre-T0 universe; sequential 10-Q/10-K under frozen H06 F5 rule,SP004,Moderate,IMPLEMENTATION,Laboratory/research customers,Company-originated commercial model,"F5 explicitly links inflationary acquired-goods costs to attempted price recovery, but the language stresses inability/restriction and does not establish a Strong implemented transfer.",Moderate,Pre-existing,Persistent,Moderate,High
107,health_care,9,BIO,Bio-Rad Laboratories,0000012208,F4,10-Q,2020-07-31,0000012208-20-000039,https://www.sec.gov/Archives/edgar/data/12208/0000012208-20-000039.txt,VERIFIED_FROM_OFFICIAL_SEC_MASTER_INDEX,Corrected pre-T0 universe; sequential 10-Q/10-K under frozen H06 F5 rule,SP004,Moderate,IMPLEMENTATION,Laboratory/research customers,Company-originated commercial model,"F5 explicitly links inflationary acquired-goods costs to attempted price recovery, but the language stresses inability/restriction and does not establish a Strong implemented transfer.",Moderate,Pre-existing,Persistent,Moderate,High
107,health_care,9,BIO,Bio-Rad Laboratories,0000012208,F5,10-Q,2020-10-30,0000012208-20-000055,https://www.sec.gov/Archives/edgar/data/12208/0000012208-20-000055.txt,VERIFIED_FROM_OFFICIAL_SEC_MASTER_INDEX,Corrected pre-T0 universe; sequential 10-Q/10-K under frozen H06 F5 rule,SP004,Moderate,IMPLEMENTATION,Laboratory/research customers,Company-originated commercial model,"F5 explicitly links inflationary acquired-goods costs to attempted price recovery, but the language stresses inability/restriction and does not establish a Strong implemented transfer.",Moderate,Pre-existing,Persistent,Moderate,High
108,health_care,10,CI,Cigna,0001739940,F1,10-Q,2019-10-31,0001739940-19-000012,https://www.sec.gov/Archives/edgar/data/1739940/0001739940-19-000012.txt,VERIFIED_FROM_OFFICIAL_SEC_MASTER_INDEX,Corrected pre-T0 universe; sequential 10-Q/10-K under frozen H06 F5 rule,No Signal,N/A,N/A,N/A,N/A,Higher branded-drug prices primarily reflect upstream drug-price inflation and customer-transition mechanics rather than a qualifying Cigna-originated action.,N/A,N/A,None,N/A,High
108,health_care,10,CI,Cigna,0001739940,F2,10-K,2020-02-27,0001739940-20-000006,https://www.sec.gov/Archives/edgar/data/1739940/0001739940-20-000006.txt,VERIFIED_FROM_OFFICIAL_SEC_MASTER_INDEX,Corrected pre-T0 universe; sequential 10-Q/10-K under frozen H06 F5 rule,No Signal,N/A,N/A,N/A,N/A,Higher branded-drug prices primarily reflect upstream drug-price inflation and customer-transition mechanics rather than a qualifying Cigna-originated action.,N/A,N/A,None,N/A,High
108,health_care,10,CI,Cigna,0001739940,F3,10-Q,2020-05-07,0001739940-20-000012,https://www.sec.gov/Archives/edgar/data/1739940/0001739940-20-000012.txt,VERIFIED_FROM_OFFICIAL_SEC_MASTER_INDEX,Corrected pre-T0 universe; sequential 10-Q/10-K under frozen H06 F5 rule,No Signal,N/A,N/A,N/A,N/A,Higher branded-drug prices primarily reflect upstream drug-price inflation and customer-transition mechanics rather than a qualifying Cigna-originated action.,N/A,N/A,None,N/A,High
108,health_care,10,CI,Cigna,0001739940,F4,10-Q,2020-08-06,0001739940-20-000017,https://www.sec.gov/Archives/edgar/data/1739940/0001739940-20-000017.txt,VERIFIED_FROM_OFFICIAL_SEC_MASTER_INDEX,Corrected pre-T0 universe; sequential 10-Q/10-K under frozen H06 F5 rule,No Signal,N/A,N/A,N/A,N/A,Higher branded-drug prices primarily reflect upstream drug-price inflation and customer-transition mechanics rather than a qualifying Cigna-originated action.,N/A,N/A,None,N/A,High
108,health_care,10,CI,Cigna,0001739940,F5,10-Q,2020-11-05,0001739940-20-000021,https://www.sec.gov/Archives/edgar/data/1739940/0001739940-20-000021.txt,VERIFIED_FROM_OFFICIAL_SEC_MASTER_INDEX,Corrected pre-T0 universe; sequential 10-Q/10-K under frozen H06 F5 rule,No Signal,N/A,N/A,N/A,N/A,Higher branded-drug prices primarily reflect upstream drug-price inflation and customer-transition mechanics rather than a qualifying Cigna-originated action.,N/A,N/A,None,N/A,High
109,health_care,11,VAR,Varian Medical Systems,0000203527,F1,10-K,2019-11-25,0000203527-19-000025,https://www.sec.gov/Archives/edgar/data/203527/0000203527-19-000025.txt,VERIFIED_FROM_OFFICIAL_SEC_MASTER_INDEX,Corrected pre-T0 universe; sequential 10-Q/10-K under frozen H06 F5 rule,No Signal,N/A,N/A,N/A,N/A,Acquisition and LIBOR-migration language is non-qualifying.,N/A,N/A,None,N/A,High
109,health_care,11,VAR,Varian Medical Systems,0000203527,F2,10-Q,2020-02-11,0000203527-20-000008,https://www.sec.gov/Archives/edgar/data/203527/0000203527-20-000008.txt,VERIFIED_FROM_OFFICIAL_SEC_MASTER_INDEX,Corrected pre-T0 universe; sequential 10-Q/10-K under frozen H06 F5 rule,No Signal,N/A,N/A,N/A,N/A,Acquisition and LIBOR-migration language is non-qualifying.,N/A,N/A,None,N/A,High
109,health_care,11,VAR,Varian Medical Systems,0000203527,F3,10-Q,2020-05-12,0000203527-20-000015,https://www.sec.gov/Archives/edgar/data/203527/0000203527-20-000015.txt,VERIFIED_FROM_OFFICIAL_SEC_MASTER_INDEX,Corrected pre-T0 universe; sequential 10-Q/10-K under frozen H06 F5 rule,No Signal,N/A,N/A,N/A,N/A,Acquisition and LIBOR-migration language is non-qualifying.,N/A,N/A,None,N/A,High
109,health_care,11,VAR,Varian Medical Systems,0000203527,F4,10-Q,2020-08-11,0000203527-20-000016,https://www.sec.gov/Archives/edgar/data/203527/0000203527-20-000016.txt,VERIFIED_FROM_OFFICIAL_SEC_MASTER_INDEX,Corrected pre-T0 universe; sequential 10-Q/10-K under frozen H06 F5 rule,No Signal,N/A,N/A,N/A,N/A,Acquisition and LIBOR-migration language is non-qualifying.,N/A,N/A,None,N/A,High
109,health_care,11,VAR,Varian Medical Systems,0000203527,F5,10-K,2020-11-25,0000203527-20-000027,https://www.sec.gov/Archives/edgar/data/203527/0000203527-20-000027.txt,VERIFIED_FROM_OFFICIAL_SEC_MASTER_INDEX,Corrected pre-T0 universe; sequential 10-Q/10-K under frozen H06 F5 rule,No Signal,N/A,N/A,N/A,N/A,Acquisition and LIBOR-migration language is non-qualifying.,N/A,N/A,None,N/A,High
110,health_care,12,RMD,ResMed|,0000943819,F1,10-Q,2019-10-25,0000943819-19-000029,https://www.sec.gov/Archives/edgar/data/943819/0000943819-19-000029.txt,VERIFIED_FROM_OFFICIAL_SEC_MASTER_INDEX,Corrected pre-T0 universe; sequential 10-Q/10-K under frozen H06 F5 rule,No Signal,N/A,N/A,N/A,N/A,Share-repurchase and reference-rate discontinuation language does not affect customers.,N/A,N/A,None,N/A,High
110,health_care,12,RMD,ResMed|,0000943819,F2,10-Q,2020-01-31,0000943819-20-000003,https://www.sec.gov/Archives/edgar/data/943819/0000943819-20-000003.txt,VERIFIED_FROM_OFFICIAL_SEC_MASTER_INDEX,Corrected pre-T0 universe; sequential 10-Q/10-K under frozen H06 F5 rule,No Signal,N/A,N/A,N/A,N/A,Share-repurchase and reference-rate discontinuation language does not affect customers.,N/A,N/A,None,N/A,High
110,health_care,12,RMD,ResMed|,0000943819,F3,10-Q,2020-05-01,0000943819-20-000008,https://www.sec.gov/Archives/edgar/data/943819/0000943819-20-000008.txt,VERIFIED_FROM_OFFICIAL_SEC_MASTER_INDEX,Corrected pre-T0 universe; sequential 10-Q/10-K under frozen H06 F5 rule,No Signal,N/A,N/A,N/A,N/A,Share-repurchase and reference-rate discontinuation language does not affect customers.,N/A,N/A,None,N/A,High
110,health_care,12,RMD,ResMed|,0000943819,F4,10-K,2020-08-13,0000943819-20-000013,https://www.sec.gov/Archives/edgar/data/943819/0000943819-20-000013.txt,VERIFIED_FROM_OFFICIAL_SEC_MASTER_INDEX,Corrected pre-T0 universe; sequential 10-Q/10-K under frozen H06 F5 rule,No Signal,N/A,N/A,N/A,N/A,Share-repurchase and reference-rate discontinuation language does not affect customers.,N/A,N/A,None,N/A,High
110,health_care,12,RMD,ResMed|,0000943819,F5,10-Q,2020-10-30,0000943819-20-000024,https://www.sec.gov/Archives/edgar/data/943819/0000943819-20-000024.txt,VERIFIED_FROM_OFFICIAL_SEC_MASTER_INDEX,Corrected pre-T0 universe; sequential 10-Q/10-K under frozen H06 F5 rule,No Signal,N/A,N/A,N/A,N/A,Share-repurchase and reference-rate discontinuation language does not affect customers.,N/A,N/A,None,N/A,High
111,health_care,13,PKI,PerkinElmer,0000031791,F1,10-Q,2019-11-05,0000031791-19-000014,https://www.sec.gov/Archives/edgar/data/31791/0000031791-19-000014.txt,VERIFIED_FROM_OFFICIAL_SEC_MASTER_INDEX,Corrected pre-T0 universe; sequential 10-Q/10-K under frozen H06 F5 rule,No Signal,N/A,N/A,N/A,N/A,"The filing describes inability to pass shipping cost increases to customers, not a qualifying implemented customer-cost transfer.",N/A,N/A,None,N/A,High
111,health_care,13,PKI,PerkinElmer,0000031791,F2,10-K,2020-02-25,0000031791-20-000003,https://www.sec.gov/Archives/edgar/data/31791/0000031791-20-000003.txt,VERIFIED_FROM_OFFICIAL_SEC_MASTER_INDEX,Corrected pre-T0 universe; sequential 10-Q/10-K under frozen H06 F5 rule,No Signal,N/A,N/A,N/A,N/A,"The filing describes inability to pass shipping cost increases to customers, not a qualifying implemented customer-cost transfer.",N/A,N/A,None,N/A,High
111,health_care,13,PKI,PerkinElmer,0000031791,F3,10-Q,2020-05-12,0000031791-20-000006,https://www.sec.gov/Archives/edgar/data/31791/0000031791-20-000006.txt,VERIFIED_FROM_OFFICIAL_SEC_MASTER_INDEX,Corrected pre-T0 universe; sequential 10-Q/10-K under frozen H06 F5 rule,No Signal,N/A,N/A,N/A,N/A,"The filing describes inability to pass shipping cost increases to customers, not a qualifying implemented customer-cost transfer.",N/A,N/A,None,N/A,High
111,health_care,13,PKI,PerkinElmer,0000031791,F4,10-Q,2020-08-11,0001628280-20-012418,https://www.sec.gov/Archives/edgar/data/31791/0001628280-20-012418.txt,VERIFIED_FROM_OFFICIAL_SEC_MASTER_INDEX,Corrected pre-T0 universe; sequential 10-Q/10-K under frozen H06 F5 rule,No Signal,N/A,N/A,N/A,N/A,"The filing describes inability to pass shipping cost increases to customers, not a qualifying implemented customer-cost transfer.",N/A,N/A,None,N/A,High
111,health_care,13,PKI,PerkinElmer,0000031791,F5,10-Q,2020-11-10,0000031791-20-000010,https://www.sec.gov/Archives/edgar/data/31791/0000031791-20-000010.txt,VERIFIED_FROM_OFFICIAL_SEC_MASTER_INDEX,Corrected pre-T0 universe; sequential 10-Q/10-K under frozen H06 F5 rule,No Signal,N/A,N/A,N/A,N/A,"The filing describes inability to pass shipping cost increases to customers, not a qualifying implemented customer-cost transfer.",N/A,N/A,None,N/A,High
112,health_care,14,PFE,Pfizer,0000078003,F1,10-Q,2019-11-07,0000078003-19-000082,https://www.sec.gov/Archives/edgar/data/78003/0000078003-19-000082.txt,VERIFIED_FROM_OFFICIAL_SEC_MASTER_INDEX,Corrected pre-T0 universe; sequential 10-Q/10-K under frozen H06 F5 rule,No Signal,N/A,N/A,N/A,N/A,"Price-increase and rebate references are legislative/regulatory risk language, not a concrete company-originated action.",N/A,N/A,None,N/A,High
112,health_care,14,PFE,Pfizer,0000078003,F2,10-K,2020-02-27,0000078003-20-000014,https://www.sec.gov/Archives/edgar/data/78003/0000078003-20-000014.txt,VERIFIED_FROM_OFFICIAL_SEC_MASTER_INDEX,Corrected pre-T0 universe; sequential 10-Q/10-K under frozen H06 F5 rule,No Signal,N/A,N/A,N/A,N/A,"Price-increase and rebate references are legislative/regulatory risk language, not a concrete company-originated action.",N/A,N/A,None,N/A,High
112,health_care,14,PFE,Pfizer,0000078003,F3,10-Q,2020-05-07,0000078003-20-000037,https://www.sec.gov/Archives/edgar/data/78003/0000078003-20-000037.txt,VERIFIED_FROM_OFFICIAL_SEC_MASTER_INDEX,Corrected pre-T0 universe; sequential 10-Q/10-K under frozen H06 F5 rule,No Signal,N/A,N/A,N/A,N/A,"Price-increase and rebate references are legislative/regulatory risk language, not a concrete company-originated action.",N/A,N/A,None,N/A,High
112,health_care,14,PFE,Pfizer,0000078003,F4,10-Q,2020-08-06,0000078003-20-000060,https://www.sec.gov/Archives/edgar/data/78003/0000078003-20-000060.txt,VERIFIED_FROM_OFFICIAL_SEC_MASTER_INDEX,Corrected pre-T0 universe; sequential 10-Q/10-K under frozen H06 F5 rule,No Signal,N/A,N/A,N/A,N/A,"Price-increase and rebate references are legislative/regulatory risk language, not a concrete company-originated action.",N/A,N/A,None,N/A,High
112,health_care,14,PFE,Pfizer,0000078003,F5,10-Q,2020-11-05,0000078003-20-000070,https://www.sec.gov/Archives/edgar/data/78003/0000078003-20-000070.txt,VERIFIED_FROM_OFFICIAL_SEC_MASTER_INDEX,Corrected pre-T0 universe; sequential 10-Q/10-K under frozen H06 F5 rule,No Signal,N/A,N/A,N/A,N/A,"Price-increase and rebate references are legislative/regulatory risk language, not a concrete company-originated action.",N/A,N/A,None,N/A,High
113,health_care,15,BDX,Becton Dickinson,0000010795,F1,10-K,2019-11-27,0000010795-19-000044,https://www.sec.gov/Archives/edgar/data/10795/0000010795-19-000044.txt,VERIFIED_FROM_OFFICIAL_SEC_MASTER_INDEX,Corrected pre-T0 universe; sequential 10-Q/10-K under frozen H06 F5 rule,No Signal,N/A,N/A,N/A,N/A,Reimbursement and inflation discussion does not establish a qualifying customer-economic action.,N/A,N/A,None,N/A,High
113,health_care,15,BDX,Becton Dickinson,0000010795,F2,10-Q,2020-02-06,0000010795-20-000010,https://www.sec.gov/Archives/edgar/data/10795/0000010795-20-000010.txt,VERIFIED_FROM_OFFICIAL_SEC_MASTER_INDEX,Corrected pre-T0 universe; sequential 10-Q/10-K under frozen H06 F5 rule,No Signal,N/A,N/A,N/A,N/A,Reimbursement and inflation discussion does not establish a qualifying customer-economic action.,N/A,N/A,None,N/A,High
113,health_care,15,BDX,Becton Dickinson,0000010795,F3,10-Q,2020-05-07,0000010795-20-000019,https://www.sec.gov/Archives/edgar/data/10795/0000010795-20-000019.txt,VERIFIED_FROM_OFFICIAL_SEC_MASTER_INDEX,Corrected pre-T0 universe; sequential 10-Q/10-K under frozen H06 F5 rule,No Signal,N/A,N/A,N/A,N/A,Reimbursement and inflation discussion does not establish a qualifying customer-economic action.,N/A,N/A,None,N/A,High
113,health_care,15,BDX,Becton Dickinson,0000010795,F4,10-Q,2020-08-06,0000010795-20-000027,https://www.sec.gov/Archives/edgar/data/10795/0000010795-20-000027.txt,VERIFIED_FROM_OFFICIAL_SEC_MASTER_INDEX,Corrected pre-T0 universe; sequential 10-Q/10-K under frozen H06 F5 rule,No Signal,N/A,N/A,N/A,N/A,Reimbursement and inflation discussion does not establish a qualifying customer-economic action.,N/A,N/A,None,N/A,High
113,health_care,15,BDX,Becton Dickinson,0000010795,F5,10-K,2020-11-25,0000010795-20-000055,https://www.sec.gov/Archives/edgar/data/10795/0000010795-20-000055.txt,VERIFIED_FROM_OFFICIAL_SEC_MASTER_INDEX,Corrected pre-T0 universe; sequential 10-Q/10-K under frozen H06 F5 rule,No Signal,N/A,N/A,N/A,N/A,Reimbursement and inflation discussion does not establish a qualifying customer-economic action.,N/A,N/A,None,N/A,High
114,health_care,16,ZTS,Zoetis,0001555280,F1,10-Q,2019-11-07,0001555280-19-000270,https://www.sec.gov/Archives/edgar/data/1555280/0001555280-19-000270.txt,VERIFIED_FROM_OFFICIAL_SEC_MASTER_INDEX,Corrected pre-T0 universe; sequential 10-Q/10-K under frozen H06 F5 rule,No Signal,N/A,N/A,N/A,N/A,Discontinuation references concern hedging/accounting rather than customer products.,N/A,N/A,None,N/A,High
114,health_care,16,ZTS,Zoetis,0001555280,F2,10-K,2020-02-13,0001555280-20-000054,https://www.sec.gov/Archives/edgar/data/1555280/0001555280-20-000054.txt,VERIFIED_FROM_OFFICIAL_SEC_MASTER_INDEX,Corrected pre-T0 universe; sequential 10-Q/10-K under frozen H06 F5 rule,No Signal,N/A,N/A,N/A,N/A,Discontinuation references concern hedging/accounting rather than customer products.,N/A,N/A,None,N/A,High
114,health_care,16,ZTS,Zoetis,0001555280,F3,10-Q,2020-05-06,0001555280-20-000199,https://www.sec.gov/Archives/edgar/data/1555280/0001555280-20-000199.txt,VERIFIED_FROM_OFFICIAL_SEC_MASTER_INDEX,Corrected pre-T0 universe; sequential 10-Q/10-K under frozen H06 F5 rule,No Signal,N/A,N/A,N/A,N/A,Discontinuation references concern hedging/accounting rather than customer products.,N/A,N/A,None,N/A,High
114,health_care,16,ZTS,Zoetis,0001555280,F4,10-Q,2020-08-06,0001555280-20-000261,https://www.sec.gov/Archives/edgar/data/1555280/0001555280-20-000261.txt,VERIFIED_FROM_OFFICIAL_SEC_MASTER_INDEX,Corrected pre-T0 universe; sequential 10-Q/10-K under frozen H06 F5 rule,No Signal,N/A,N/A,N/A,N/A,Discontinuation references concern hedging/accounting rather than customer products.,N/A,N/A,None,N/A,High
114,health_care,16,ZTS,Zoetis,0001555280,F5,10-Q,2020-11-05,0001555280-20-000316,https://www.sec.gov/Archives/edgar/data/1555280/0001555280-20-000316.txt,VERIFIED_FROM_OFFICIAL_SEC_MASTER_INDEX,Corrected pre-T0 universe; sequential 10-Q/10-K under frozen H06 F5 rule,No Signal,N/A,N/A,N/A,N/A,Discontinuation references concern hedging/accounting rather than customer products.,N/A,N/A,None,N/A,High
115,health_care,17,CVS,CVS Health,0000064803,F1,10-Q,2019-11-06,0000064803-19-000049,https://www.sec.gov/Archives/edgar/data/64803/0000064803-19-000049.txt,VERIFIED_FROM_OFFICIAL_SEC_MASTER_INDEX,Corrected pre-T0 universe; sequential 10-Q/10-K under frozen H06 F5 rule,SP004,Moderate,IMPLEMENTATION,Insured health-plan members,Company-originated commercial model,"Premium-rate increases are explicitly linked to rising health-care/benefit costs from F1 onward, but the frozen language remains regulatory/risk constrained rather than Strong implemented transfer.",Moderate,Pre-existing,Persistent,Moderate,High
115,health_care,17,CVS,CVS Health,0000064803,F2,10-K,2020-02-18,0000064803-20-000007,https://www.sec.gov/Archives/edgar/data/64803/0000064803-20-000007.txt,VERIFIED_FROM_OFFICIAL_SEC_MASTER_INDEX,Corrected pre-T0 universe; sequential 10-Q/10-K under frozen H06 F5 rule,SP004,Moderate,IMPLEMENTATION,Insured health-plan members,Company-originated commercial model,"Premium-rate increases are explicitly linked to rising health-care/benefit costs from F1 onward, but the frozen language remains regulatory/risk constrained rather than Strong implemented transfer.",Moderate,Pre-existing,Persistent,Moderate,High
115,health_care,17,CVS,CVS Health,0000064803,F3,10-Q,2020-05-06,0000064803-20-000015,https://www.sec.gov/Archives/edgar/data/64803/0000064803-20-000015.txt,VERIFIED_FROM_OFFICIAL_SEC_MASTER_INDEX,Corrected pre-T0 universe; sequential 10-Q/10-K under frozen H06 F5 rule,SP004,Moderate,IMPLEMENTATION,Insured health-plan members,Company-originated commercial model,"Premium-rate increases are explicitly linked to rising health-care/benefit costs from F1 onward, but the frozen language remains regulatory/risk constrained rather than Strong implemented transfer.",Moderate,Pre-existing,Persistent,Moderate,High
115,health_care,17,CVS,CVS Health,0000064803,F4,10-Q,2020-08-05,0000064803-20-000030,https://www.sec.gov/Archives/edgar/data/64803/0000064803-20-000030.txt,VERIFIED_FROM_OFFICIAL_SEC_MASTER_INDEX,Corrected pre-T0 universe; sequential 10-Q/10-K under frozen H06 F5 rule,SP004,Moderate,IMPLEMENTATION,Insured health-plan members,Company-originated commercial model,"Premium-rate increases are explicitly linked to rising health-care/benefit costs from F1 onward, but the frozen language remains regulatory/risk constrained rather than Strong implemented transfer.",Moderate,Pre-existing,Persistent,Moderate,High
115,health_care,17,CVS,CVS Health,0000064803,F5,10-Q,2020-11-06,0000064803-20-000041,https://www.sec.gov/Archives/edgar/data/64803/0000064803-20-000041.txt,VERIFIED_FROM_OFFICIAL_SEC_MASTER_INDEX,Corrected pre-T0 universe; sequential 10-Q/10-K under frozen H06 F5 rule,SP004,Moderate,IMPLEMENTATION,Insured health-plan members,Company-originated commercial model,"Premium-rate increases are explicitly linked to rising health-care/benefit costs from F1 onward, but the frozen language remains regulatory/risk constrained rather than Strong implemented transfer.",Moderate,Pre-existing,Persistent,Moderate,High
116,health_care,18,LH,Labcorp,0000920148,F1,10-Q,2019-10-31,0000920148-19-000092,https://www.sec.gov/Archives/edgar/data/920148/0000920148-19-000092.txt,VERIFIED_FROM_OFFICIAL_SEC_MASTER_INDEX,Corrected pre-T0 universe; sequential 10-Q/10-K under frozen H06 F5 rule,SP002,Moderate,IMPLEMENTATION,Patients/third-party payers,Company-originated commercial model,"Patient list-price fee schedules and negotiated discounts are an established pricing architecture, but no material strengthening or new mechanism appears by F5.",Moderate,Pre-existing,Persistent,Moderate,High
116,health_care,18,LH,Labcorp,0000920148,F2,10-K,2020-02-28,0000920148-20-000011,https://www.sec.gov/Archives/edgar/data/920148/0000920148-20-000011.txt,VERIFIED_FROM_OFFICIAL_SEC_MASTER_INDEX,Corrected pre-T0 universe; sequential 10-Q/10-K under frozen H06 F5 rule,SP002,Moderate,IMPLEMENTATION,Patients/third-party payers,Company-originated commercial model,"Patient list-price fee schedules and negotiated discounts are an established pricing architecture, but no material strengthening or new mechanism appears by F5.",Moderate,Pre-existing,Persistent,Moderate,High
116,health_care,18,LH,Labcorp,0000920148,F3,10-Q,2020-05-08,0000920148-20-000029,https://www.sec.gov/Archives/edgar/data/920148/0000920148-20-000029.txt,VERIFIED_FROM_OFFICIAL_SEC_MASTER_INDEX,Corrected pre-T0 universe; sequential 10-Q/10-K under frozen H06 F5 rule,SP002,Moderate,IMPLEMENTATION,Patients/third-party payers,Company-originated commercial model,"Patient list-price fee schedules and negotiated discounts are an established pricing architecture, but no material strengthening or new mechanism appears by F5.",Moderate,Pre-existing,Persistent,Moderate,High
116,health_care,18,LH,Labcorp,0000920148,F4,10-Q,2020-07-31,0000920148-20-000043,https://www.sec.gov/Archives/edgar/data/920148/0000920148-20-000043.txt,VERIFIED_FROM_OFFICIAL_SEC_MASTER_INDEX,Corrected pre-T0 universe; sequential 10-Q/10-K under frozen H06 F5 rule,SP002,Moderate,IMPLEMENTATION,Patients/third-party payers,Company-originated commercial model,"Patient list-price fee schedules and negotiated discounts are an established pricing architecture, but no material strengthening or new mechanism appears by F5.",Moderate,Pre-existing,Persistent,Moderate,High
116,health_care,18,LH,Labcorp,0000920148,F5,10-Q,2020-10-29,0000920148-20-000058,https://www.sec.gov/Archives/edgar/data/920148/0000920148-20-000058.txt,VERIFIED_FROM_OFFICIAL_SEC_MASTER_INDEX,Corrected pre-T0 universe; sequential 10-Q/10-K under frozen H06 F5 rule,SP002,Moderate,IMPLEMENTATION,Patients/third-party payers,Company-originated commercial model,"Patient list-price fee schedules and negotiated discounts are an established pricing architecture, but no material strengthening or new mechanism appears by F5.",Moderate,Pre-existing,Persistent,Moderate,High
117,health_care,19,HUM,Humana,0000049071,F1,10-Q,2019-11-06,0000049071-19-000105,https://www.sec.gov/Archives/edgar/data/49071/0000049071-19-000105.txt,VERIFIED_FROM_OFFICIAL_SEC_MASTER_INDEX,Corrected pre-T0 universe; sequential 10-Q/10-K under frozen H06 F5 rule,No Signal,N/A,N/A,N/A,N/A,Medicare Part D cost-sharing stages are statutory plan-design mechanics rather than a newly company-originated economic action.,N/A,N/A,None,N/A,High
117,health_care,19,HUM,Humana,0000049071,F2,10-K,2020-02-20,0000049071-20-000032,https://www.sec.gov/Archives/edgar/data/49071/0000049071-20-000032.txt,VERIFIED_FROM_OFFICIAL_SEC_MASTER_INDEX,Corrected pre-T0 universe; sequential 10-Q/10-K under frozen H06 F5 rule,No Signal,N/A,N/A,N/A,N/A,Medicare Part D cost-sharing stages are statutory plan-design mechanics rather than a newly company-originated economic action.,N/A,N/A,None,N/A,High
117,health_care,19,HUM,Humana,0000049071,F3,10-Q,2020-04-29,0000049071-20-000083,https://www.sec.gov/Archives/edgar/data/49071/0000049071-20-000083.txt,VERIFIED_FROM_OFFICIAL_SEC_MASTER_INDEX,Corrected pre-T0 universe; sequential 10-Q/10-K under frozen H06 F5 rule,No Signal,N/A,N/A,N/A,N/A,Medicare Part D cost-sharing stages are statutory plan-design mechanics rather than a newly company-originated economic action.,N/A,N/A,None,N/A,High
117,health_care,19,HUM,Humana,0000049071,F4,10-Q,2020-08-05,0000049071-20-000106,https://www.sec.gov/Archives/edgar/data/49071/0000049071-20-000106.txt,VERIFIED_FROM_OFFICIAL_SEC_MASTER_INDEX,Corrected pre-T0 universe; sequential 10-Q/10-K under frozen H06 F5 rule,No Signal,N/A,N/A,N/A,N/A,Medicare Part D cost-sharing stages are statutory plan-design mechanics rather than a newly company-originated economic action.,N/A,N/A,None,N/A,High
117,health_care,19,HUM,Humana,0000049071,F5,10-Q,2020-11-03,0000049071-20-000135,https://www.sec.gov/Archives/edgar/data/49071/0000049071-20-000135.txt,VERIFIED_FROM_OFFICIAL_SEC_MASTER_INDEX,Corrected pre-T0 universe; sequential 10-Q/10-K under frozen H06 F5 rule,No Signal,N/A,N/A,N/A,N/A,Medicare Part D cost-sharing stages are statutory plan-design mechanics rather than a newly company-originated economic action.,N/A,N/A,None,N/A,High
118,health_care,20,ALXN,Alexion Pharmaceuticals,0000899866,F1,10-Q,2019-10-23,0000899866-19-000099,https://www.sec.gov/Archives/edgar/data/899866/0000899866-19-000099.txt,VERIFIED_FROM_OFFICIAL_SEC_MASTER_INDEX,Corrected pre-T0 universe; sequential 10-Q/10-K under frozen H06 F5 rule,SP002,Moderate,IMPLEMENTATION,Patients/payers,Company-originated commercial model,"The company repeatedly describes higher-priced therapies and payer barriers, but the trajectory does not show a Strong new pricing action.",Moderate,Pre-existing,Persistent,Moderate,High
118,health_care,20,ALXN,Alexion Pharmaceuticals,0000899866,F2,10-K,2020-02-04,0000899866-20-000012,https://www.sec.gov/Archives/edgar/data/899866/0000899866-20-000012.txt,VERIFIED_FROM_OFFICIAL_SEC_MASTER_INDEX,Corrected pre-T0 universe; sequential 10-Q/10-K under frozen H06 F5 rule,SP002,Moderate,IMPLEMENTATION,Patients/payers,Company-originated commercial model,"The company repeatedly describes higher-priced therapies and payer barriers, but the trajectory does not show a Strong new pricing action.",Moderate,Pre-existing,Persistent,Moderate,High
118,health_care,20,ALXN,Alexion Pharmaceuticals,0000899866,F3,10-Q,2020-05-06,0000899866-20-000042,https://www.sec.gov/Archives/edgar/data/899866/0000899866-20-000042.txt,VERIFIED_FROM_OFFICIAL_SEC_MASTER_INDEX,Corrected pre-T0 universe; sequential 10-Q/10-K under frozen H06 F5 rule,SP002,Moderate,IMPLEMENTATION,Patients/payers,Company-originated commercial model,"The company repeatedly describes higher-priced therapies and payer barriers, but the trajectory does not show a Strong new pricing action.",Moderate,Pre-existing,Persistent,Moderate,High
118,health_care,20,ALXN,Alexion Pharmaceuticals,0000899866,F4,10-Q,2020-07-30,0000899866-20-000074,https://www.sec.gov/Archives/edgar/data/899866/0000899866-20-000074.txt,VERIFIED_FROM_OFFICIAL_SEC_MASTER_INDEX,Corrected pre-T0 universe; sequential 10-Q/10-K under frozen H06 F5 rule,SP002,Moderate,IMPLEMENTATION,Patients/payers,Company-originated commercial model,"The company repeatedly describes higher-priced therapies and payer barriers, but the trajectory does not show a Strong new pricing action.",Moderate,Pre-existing,Persistent,Moderate,High
118,health_care,20,ALXN,Alexion Pharmaceuticals,0000899866,F5,10-Q,2020-10-29,0000899866-20-000088,https://www.sec.gov/Archives/edgar/data/899866/0000899866-20-000088.txt,VERIFIED_FROM_OFFICIAL_SEC_MASTER_INDEX,Corrected pre-T0 universe; sequential 10-Q/10-K under frozen H06 F5 rule,SP002,Moderate,IMPLEMENTATION,Patients/payers,Company-originated commercial model,"The company repeatedly describes higher-priced therapies and payer barriers, but the trajectory does not show a Strong new pricing action.",Moderate,Pre-existing,Persistent,Moderate,High
119,health_care,21,UNH,UnitedHealth Group,0000731766,F1,10-Q,2019-11-06,0000731766-19-000034,https://www.sec.gov/Archives/edgar/data/731766/0000731766-19-000034.txt,VERIFIED_FROM_OFFICIAL_SEC_MASTER_INDEX,Corrected pre-T0 universe; sequential 10-Q/10-K under frozen H06 F5 rule,No Signal,N/A,N/A,N/A,N/A,Rate references are interest-rate/tax mechanics rather than customer pricing actions.,N/A,N/A,None,N/A,High
119,health_care,21,UNH,UnitedHealth Group,0000731766,F2,10-K,2020-02-14,0000731766-20-000006,https://www.sec.gov/Archives/edgar/data/731766/0000731766-20-000006.txt,VERIFIED_FROM_OFFICIAL_SEC_MASTER_INDEX,Corrected pre-T0 universe; sequential 10-Q/10-K under frozen H06 F5 rule,No Signal,N/A,N/A,N/A,N/A,Rate references are interest-rate/tax mechanics rather than customer pricing actions.,N/A,N/A,None,N/A,High
119,health_care,21,UNH,UnitedHealth Group,0000731766,F3,10-Q,2020-05-06,0000731766-20-000026,https://www.sec.gov/Archives/edgar/data/731766/0000731766-20-000026.txt,VERIFIED_FROM_OFFICIAL_SEC_MASTER_INDEX,Corrected pre-T0 universe; sequential 10-Q/10-K under frozen H06 F5 rule,No Signal,N/A,N/A,N/A,N/A,Rate references are interest-rate/tax mechanics rather than customer pricing actions.,N/A,N/A,None,N/A,High
119,health_care,21,UNH,UnitedHealth Group,0000731766,F4,10-Q,2020-08-03,0000731766-20-000042,https://www.sec.gov/Archives/edgar/data/731766/0000731766-20-000042.txt,VERIFIED_FROM_OFFICIAL_SEC_MASTER_INDEX,Corrected pre-T0 universe; sequential 10-Q/10-K under frozen H06 F5 rule,No Signal,N/A,N/A,N/A,N/A,Rate references are interest-rate/tax mechanics rather than customer pricing actions.,N/A,N/A,None,N/A,High
119,health_care,21,UNH,UnitedHealth Group,0000731766,F5,10-Q,2020-11-02,0000731766-20-000049,https://www.sec.gov/Archives/edgar/data/731766/0000731766-20-000049.txt,VERIFIED_FROM_OFFICIAL_SEC_MASTER_INDEX,Corrected pre-T0 universe; sequential 10-Q/10-K under frozen H06 F5 rule,No Signal,N/A,N/A,N/A,N/A,Rate references are interest-rate/tax mechanics rather than customer pricing actions.,N/A,N/A,None,N/A,High
120,health_care,22,COO,Cooper Companies (The),0000711404,F1,10-Q,2019-08-30,0000711404-19-000039,https://www.sec.gov/Archives/edgar/data/711404/0000711404-19-000039.txt,VERIFIED_FROM_OFFICIAL_SEC_MASTER_INDEX,Corrected pre-T0 universe; sequential 10-Q/10-K under frozen H06 F5 rule,No Signal,N/A,N/A,N/A,N/A,"Rate-increase references concern indebtedness and financing, not customers.",N/A,N/A,None,N/A,High
120,health_care,22,COO,Cooper Companies (The),0000711404,F2,10-K,2019-12-20,0000711404-19-000051,https://www.sec.gov/Archives/edgar/data/711404/0000711404-19-000051.txt,VERIFIED_FROM_OFFICIAL_SEC_MASTER_INDEX,Corrected pre-T0 universe; sequential 10-Q/10-K under frozen H06 F5 rule,No Signal,N/A,N/A,N/A,N/A,"Rate-increase references concern indebtedness and financing, not customers.",N/A,N/A,None,N/A,High
120,health_care,22,COO,Cooper Companies (The),0000711404,F3,10-Q,2020-03-06,0000711404-20-000011,https://www.sec.gov/Archives/edgar/data/711404/0000711404-20-000011.txt,VERIFIED_FROM_OFFICIAL_SEC_MASTER_INDEX,Corrected pre-T0 universe; sequential 10-Q/10-K under frozen H06 F5 rule,No Signal,N/A,N/A,N/A,N/A,"Rate-increase references concern indebtedness and financing, not customers.",N/A,N/A,None,N/A,High
120,health_care,22,COO,Cooper Companies (The),0000711404,F4,10-Q,2020-06-05,0000711404-20-000021,https://www.sec.gov/Archives/edgar/data/711404/0000711404-20-000021.txt,VERIFIED_FROM_OFFICIAL_SEC_MASTER_INDEX,Corrected pre-T0 universe; sequential 10-Q/10-K under frozen H06 F5 rule,No Signal,N/A,N/A,N/A,N/A,"Rate-increase references concern indebtedness and financing, not customers.",N/A,N/A,None,N/A,High
120,health_care,22,COO,Cooper Companies (The),0000711404,F5,10-Q,2020-09-04,0000711404-20-000032,https://www.sec.gov/Archives/edgar/data/711404/0000711404-20-000032.txt,VERIFIED_FROM_OFFICIAL_SEC_MASTER_INDEX,Corrected pre-T0 universe; sequential 10-Q/10-K under frozen H06 F5 rule,No Signal,N/A,N/A,N/A,N/A,"Rate-increase references concern indebtedness and financing, not customers.",N/A,N/A,None,N/A,High
121,health_care,23,EW,Edwards Lifesciences,0001099800,F1,10-Q,2019-10-25,0001099800-19-000024,https://www.sec.gov/Archives/edgar/data/1099800/0001099800-19-000024.txt,VERIFIED_FROM_OFFICIAL_SEC_MASTER_INDEX,Corrected pre-T0 universe; sequential 10-Q/10-K under frozen H06 F5 rule,SP003,Strong,IMPLEMENTATION,TAVR customers,Company-originated commercial model,The decision to discontinue the CENTERA program is already explicit in the opening filing and remains the same portfolio-withdrawal mechanism through F5.,High,Pre-existing,Persistent,High,High
121,health_care,23,EW,Edwards Lifesciences,0001099800,F2,10-K,2020-02-14,0001099800-20-000005,https://www.sec.gov/Archives/edgar/data/1099800/0001099800-20-000005.txt,VERIFIED_FROM_OFFICIAL_SEC_MASTER_INDEX,Corrected pre-T0 universe; sequential 10-Q/10-K under frozen H06 F5 rule,SP003,Strong,IMPLEMENTATION,TAVR customers,Company-originated commercial model,The decision to discontinue the CENTERA program is already explicit in the opening filing and remains the same portfolio-withdrawal mechanism through F5.,High,Pre-existing,Persistent,High,High
121,health_care,23,EW,Edwards Lifesciences,0001099800,F3,10-Q,2020-04-28,0001099800-20-000009,https://www.sec.gov/Archives/edgar/data/1099800/0001099800-20-000009.txt,VERIFIED_FROM_OFFICIAL_SEC_MASTER_INDEX,Corrected pre-T0 universe; sequential 10-Q/10-K under frozen H06 F5 rule,SP003,Strong,IMPLEMENTATION,TAVR customers,Company-originated commercial model,The decision to discontinue the CENTERA program is already explicit in the opening filing and remains the same portfolio-withdrawal mechanism through F5.,High,Pre-existing,Persistent,High,High
121,health_care,23,EW,Edwards Lifesciences,0001099800,F4,10-Q,2020-07-27,0001099800-20-000019,https://www.sec.gov/Archives/edgar/data/1099800/0001099800-20-000019.txt,VERIFIED_FROM_OFFICIAL_SEC_MASTER_INDEX,Corrected pre-T0 universe; sequential 10-Q/10-K under frozen H06 F5 rule,SP003,Strong,IMPLEMENTATION,TAVR customers,Company-originated commercial model,The decision to discontinue the CENTERA program is already explicit in the opening filing and remains the same portfolio-withdrawal mechanism through F5.,High,Pre-existing,Persistent,High,High
121,health_care,23,EW,Edwards Lifesciences,0001099800,F5,10-Q,2020-10-26,0001099800-20-000024,https://www.sec.gov/Archives/edgar/data/1099800/0001099800-20-000024.txt,VERIFIED_FROM_OFFICIAL_SEC_MASTER_INDEX,Corrected pre-T0 universe; sequential 10-Q/10-K under frozen H06 F5 rule,SP003,Strong,IMPLEMENTATION,TAVR customers,Company-originated commercial model,The decision to discontinue the CENTERA program is already explicit in the opening filing and remains the same portfolio-withdrawal mechanism through F5.,High,Pre-existing,Persistent,High,High
122,health_care,24,ABC,AmerisourceBergen,0001140859,F1,10-K,2019-11-19,0001140859-19-000040,https://www.sec.gov/Archives/edgar/data/1140859/0001140859-19-000040.txt,VERIFIED_FROM_OFFICIAL_SEC_MASTER_INDEX,Corrected pre-T0 universe; sequential 10-Q/10-K under frozen H06 F5 rule,No Signal,N/A,N/A,N/A,N/A,Price increases are discussed as pharmaceutical-industry/regulatory conditions rather than an AmerisourceBergen-originated customer action.,N/A,N/A,None,N/A,High
122,health_care,24,ABC,AmerisourceBergen,0001140859,F2,10-Q,2020-01-30,0001140859-20-000008,https://www.sec.gov/Archives/edgar/data/1140859/0001140859-20-000008.txt,VERIFIED_FROM_OFFICIAL_SEC_MASTER_INDEX,Corrected pre-T0 universe; sequential 10-Q/10-K under frozen H06 F5 rule,No Signal,N/A,N/A,N/A,N/A,Price increases are discussed as pharmaceutical-industry/regulatory conditions rather than an AmerisourceBergen-originated customer action.,N/A,N/A,None,N/A,High
122,health_care,24,ABC,AmerisourceBergen,0001140859,F3,10-Q,2020-05-07,0001140859-20-000022,https://www.sec.gov/Archives/edgar/data/1140859/0001140859-20-000022.txt,VERIFIED_FROM_OFFICIAL_SEC_MASTER_INDEX,Corrected pre-T0 universe; sequential 10-Q/10-K under frozen H06 F5 rule,No Signal,N/A,N/A,N/A,N/A,Price increases are discussed as pharmaceutical-industry/regulatory conditions rather than an AmerisourceBergen-originated customer action.,N/A,N/A,None,N/A,High
122,health_care,24,ABC,AmerisourceBergen,0001140859,F4,10-Q,2020-08-05,0001140859-20-000035,https://www.sec.gov/Archives/edgar/data/1140859/0001140859-20-000035.txt,VERIFIED_FROM_OFFICIAL_SEC_MASTER_INDEX,Corrected pre-T0 universe; sequential 10-Q/10-K under frozen H06 F5 rule,No Signal,N/A,N/A,N/A,N/A,Price increases are discussed as pharmaceutical-industry/regulatory conditions rather than an AmerisourceBergen-originated customer action.,N/A,N/A,None,N/A,High
122,health_care,24,ABC,AmerisourceBergen,0001140859,F5,10-K,2020-11-19,0001140859-20-000050,https://www.sec.gov/Archives/edgar/data/1140859/0001140859-20-000050.txt,VERIFIED_FROM_OFFICIAL_SEC_MASTER_INDEX,Corrected pre-T0 universe; sequential 10-Q/10-K under frozen H06 F5 rule,No Signal,N/A,N/A,N/A,N/A,Price increases are discussed as pharmaceutical-industry/regulatory conditions rather than an AmerisourceBergen-originated customer action.,N/A,N/A,None,N/A,High
123,health_care,25,HOLX,Hologic,0000859737,F1,10-K,2019-11-27,0000859737-19-000026,https://www.sec.gov/Archives/edgar/data/859737/0000859737-19-000026.txt,VERIFIED_FROM_OFFICIAL_SEC_MASTER_INDEX,Corrected pre-T0 universe; sequential 10-Q/10-K under frozen H06 F5 rule,No Signal,N/A,N/A,N/A,N/A,Standalone selling-price and disposal accounting language does not establish a qualifying customer-economic action.,N/A,N/A,None,N/A,High
123,health_care,25,HOLX,Hologic,0000859737,F2,10-Q,2020-01-29,0000859737-20-000007,https://www.sec.gov/Archives/edgar/data/859737/0000859737-20-000007.txt,VERIFIED_FROM_OFFICIAL_SEC_MASTER_INDEX,Corrected pre-T0 universe; sequential 10-Q/10-K under frozen H06 F5 rule,No Signal,N/A,N/A,N/A,N/A,Standalone selling-price and disposal accounting language does not establish a qualifying customer-economic action.,N/A,N/A,None,N/A,High
123,health_care,25,HOLX,Hologic,0000859737,F3,10-Q,2020-04-29,0000859737-20-000018,https://www.sec.gov/Archives/edgar/data/859737/0000859737-20-000018.txt,VERIFIED_FROM_OFFICIAL_SEC_MASTER_INDEX,Corrected pre-T0 universe; sequential 10-Q/10-K under frozen H06 F5 rule,No Signal,N/A,N/A,N/A,N/A,Standalone selling-price and disposal accounting language does not establish a qualifying customer-economic action.,N/A,N/A,None,N/A,High
123,health_care,25,HOLX,Hologic,0000859737,F4,10-Q,2020-07-29,0000859737-20-000028,https://www.sec.gov/Archives/edgar/data/859737/0000859737-20-000028.txt,VERIFIED_FROM_OFFICIAL_SEC_MASTER_INDEX,Corrected pre-T0 universe; sequential 10-Q/10-K under frozen H06 F5 rule,No Signal,N/A,N/A,N/A,N/A,Standalone selling-price and disposal accounting language does not establish a qualifying customer-economic action.,N/A,N/A,None,N/A,High
123,health_care,25,HOLX,Hologic,0000859737,F5,10-K,2020-11-17,0000859737-20-000039,https://www.sec.gov/Archives/edgar/data/859737/0000859737-20-000039.txt,VERIFIED_FROM_OFFICIAL_SEC_MASTER_INDEX,Corrected pre-T0 universe; sequential 10-Q/10-K under frozen H06 F5 rule,No Signal,N/A,N/A,N/A,N/A,Standalone selling-price and disposal accounting language does not establish a qualifying customer-economic action.,N/A,N/A,None,N/A,High
124,health_care,26,ANTM,Anthem,0001156039,F1,10-Q,2019-10-23,0001156039-19-000016,https://www.sec.gov/Archives/edgar/data/1156039/0001156039-19-000016.txt,VERIFIED_FROM_OFFICIAL_SEC_MASTER_INDEX,Corrected pre-T0 universe; sequential 10-Q/10-K under frozen H06 F5 rule,SP004,Very Strong,IMPLEMENTATION,Health-plan members,Company-originated commercial model,Premium rate increases are explicitly designed to cover overall cost trends at F1 and remain so through F5; very strong but fully pre-existing.,High,Pre-existing,Persistent,High,High
124,health_care,26,ANTM,Anthem,0001156039,F2,10-K,2020-02-19,0001156039-20-000003,https://www.sec.gov/Archives/edgar/data/1156039/0001156039-20-000003.txt,VERIFIED_FROM_OFFICIAL_SEC_MASTER_INDEX,Corrected pre-T0 universe; sequential 10-Q/10-K under frozen H06 F5 rule,SP004,Very Strong,IMPLEMENTATION,Health-plan members,Company-originated commercial model,Premium rate increases are explicitly designed to cover overall cost trends at F1 and remain so through F5; very strong but fully pre-existing.,High,Pre-existing,Persistent,High,High
124,health_care,26,ANTM,Anthem,0001156039,F3,10-Q,2020-04-29,0001156039-20-000028,https://www.sec.gov/Archives/edgar/data/1156039/0001156039-20-000028.txt,VERIFIED_FROM_OFFICIAL_SEC_MASTER_INDEX,Corrected pre-T0 universe; sequential 10-Q/10-K under frozen H06 F5 rule,SP004,Very Strong,IMPLEMENTATION,Health-plan members,Company-originated commercial model,Premium rate increases are explicitly designed to cover overall cost trends at F1 and remain so through F5; very strong but fully pre-existing.,High,Pre-existing,Persistent,High,High
124,health_care,26,ANTM,Anthem,0001156039,F4,10-Q,2020-07-29,0001156039-20-000070,https://www.sec.gov/Archives/edgar/data/1156039/0001156039-20-000070.txt,VERIFIED_FROM_OFFICIAL_SEC_MASTER_INDEX,Corrected pre-T0 universe; sequential 10-Q/10-K under frozen H06 F5 rule,SP004,Very Strong,IMPLEMENTATION,Health-plan members,Company-originated commercial model,Premium rate increases are explicitly designed to cover overall cost trends at F1 and remain so through F5; very strong but fully pre-existing.,High,Pre-existing,Persistent,High,High
124,health_care,26,ANTM,Anthem,0001156039,F5,10-Q,2020-10-28,0001156039-20-000089,https://www.sec.gov/Archives/edgar/data/1156039/0001156039-20-000089.txt,VERIFIED_FROM_OFFICIAL_SEC_MASTER_INDEX,Corrected pre-T0 universe; sequential 10-Q/10-K under frozen H06 F5 rule,SP004,Very Strong,IMPLEMENTATION,Health-plan members,Company-originated commercial model,Premium rate increases are explicitly designed to cover overall cost trends at F1 and remain so through F5; very strong but fully pre-existing.,High,Pre-existing,Persistent,High,High
125,health_care,27,TFX,Teleflex,0000096943,F1,10-Q,2019-10-31,0000096943-19-000177,https://www.sec.gov/Archives/edgar/data/96943/0000096943-19-000177.txt,VERIFIED_FROM_OFFICIAL_SEC_MASTER_INDEX,Corrected pre-T0 universe; sequential 10-Q/10-K under frozen H06 F5 rule,No Signal,N/A,N/A,N/A,N/A,The company describes inability to pass higher costs to customers rather than an implemented transfer.,N/A,N/A,None,N/A,High
125,health_care,27,TFX,Teleflex,0000096943,F2,10-K,2020-02-21,0000096943-20-000017,https://www.sec.gov/Archives/edgar/data/96943/0000096943-20-000017.txt,VERIFIED_FROM_OFFICIAL_SEC_MASTER_INDEX,Corrected pre-T0 universe; sequential 10-Q/10-K under frozen H06 F5 rule,No Signal,N/A,N/A,N/A,N/A,The company describes inability to pass higher costs to customers rather than an implemented transfer.,N/A,N/A,None,N/A,High
125,health_care,27,TFX,Teleflex,0000096943,F3,10-Q,2020-04-30,0000096943-20-000053,https://www.sec.gov/Archives/edgar/data/96943/0000096943-20-000053.txt,VERIFIED_FROM_OFFICIAL_SEC_MASTER_INDEX,Corrected pre-T0 universe; sequential 10-Q/10-K under frozen H06 F5 rule,No Signal,N/A,N/A,N/A,N/A,The company describes inability to pass higher costs to customers rather than an implemented transfer.,N/A,N/A,None,N/A,High
125,health_care,27,TFX,Teleflex,0000096943,F4,10-Q,2020-07-30,0000096943-20-000097,https://www.sec.gov/Archives/edgar/data/96943/0000096943-20-000097.txt,VERIFIED_FROM_OFFICIAL_SEC_MASTER_INDEX,Corrected pre-T0 universe; sequential 10-Q/10-K under frozen H06 F5 rule,No Signal,N/A,N/A,N/A,N/A,The company describes inability to pass higher costs to customers rather than an implemented transfer.,N/A,N/A,None,N/A,High
125,health_care,27,TFX,Teleflex,0000096943,F5,10-Q,2020-10-29,0000096943-20-000113,https://www.sec.gov/Archives/edgar/data/96943/0000096943-20-000113.txt,VERIFIED_FROM_OFFICIAL_SEC_MASTER_INDEX,Corrected pre-T0 universe; sequential 10-Q/10-K under frozen H06 F5 rule,No Signal,N/A,N/A,N/A,N/A,The company describes inability to pass higher costs to customers rather than an implemented transfer.,N/A,N/A,None,N/A,High
126,health_care,28,ABT,Abbott Laboratories,0000001800,F1,10-Q,2019-10-31,0001104659-19-058323,https://www.sec.gov/Archives/edgar/data/1800/0001104659-19-058323.txt,VERIFIED_FROM_OFFICIAL_SEC_MASTER_INDEX,Corrected pre-T0 universe; sequential 10-Q/10-K under frozen H06 F5 rule,No Signal,N/A,N/A,N/A,N/A,"Price/rebate references are policy and reimbursement risk language, not a concrete Abbott customer-economic action.",N/A,N/A,None,N/A,High
126,health_care,28,ABT,Abbott Laboratories,0000001800,F2,10-K,2020-02-21,0001104659-20-023904,https://www.sec.gov/Archives/edgar/data/1800/0001104659-20-023904.txt,VERIFIED_FROM_OFFICIAL_SEC_MASTER_INDEX,Corrected pre-T0 universe; sequential 10-Q/10-K under frozen H06 F5 rule,No Signal,N/A,N/A,N/A,N/A,"Price/rebate references are policy and reimbursement risk language, not a concrete Abbott customer-economic action.",N/A,N/A,None,N/A,High
126,health_care,28,ABT,Abbott Laboratories,0000001800,F3,10-Q,2020-04-29,0001104659-20-053384,https://www.sec.gov/Archives/edgar/data/1800/0001104659-20-053384.txt,VERIFIED_FROM_OFFICIAL_SEC_MASTER_INDEX,Corrected pre-T0 universe; sequential 10-Q/10-K under frozen H06 F5 rule,No Signal,N/A,N/A,N/A,N/A,"Price/rebate references are policy and reimbursement risk language, not a concrete Abbott customer-economic action.",N/A,N/A,None,N/A,High
126,health_care,28,ABT,Abbott Laboratories,0000001800,F4,10-Q,2020-07-29,0001104659-20-087850,https://www.sec.gov/Archives/edgar/data/1800/0001104659-20-087850.txt,VERIFIED_FROM_OFFICIAL_SEC_MASTER_INDEX,Corrected pre-T0 universe; sequential 10-Q/10-K under frozen H06 F5 rule,No Signal,N/A,N/A,N/A,N/A,"Price/rebate references are policy and reimbursement risk language, not a concrete Abbott customer-economic action.",N/A,N/A,None,N/A,High
126,health_care,28,ABT,Abbott Laboratories,0000001800,F5,10-Q,2020-11-04,0001104659-20-121336,https://www.sec.gov/Archives/edgar/data/1800/0001104659-20-121336.txt,VERIFIED_FROM_OFFICIAL_SEC_MASTER_INDEX,Corrected pre-T0 universe; sequential 10-Q/10-K under frozen H06 F5 rule,No Signal,N/A,N/A,N/A,N/A,"Price/rebate references are policy and reimbursement risk language, not a concrete Abbott customer-economic action.",N/A,N/A,None,N/A,High
