sample_order,sector,sector_rank,ticker,company_name,CIK,filing_position,form,filing_date,accession_number,sec_locator,verification_status,verification_note,classification,signal_strength,temporal_state,affected_actor,origin_status,evidence_summary
157,information_technology,1,KEYS,Keysight Technologies,0001601046,F1,10-Q,2019-08-30,0001601046-19-000038,https://www.sec.gov/Archives/edgar/data/1601046/0001601046-19-000038.txt,VERIFIED_FROM_OFFICIAL_SEC_MASTER_INDEX,Corrected pre-T0 universe; sequential 10-Q/10-K under frozen H06 F5 rule,No Signal,N/A,N/A,N/A,N/A,License and renewal accounting does not establish a qualifying yield or migration action.
157,information_technology,1,KEYS,Keysight Technologies,0001601046,F2,10-K,2019-12-18,0001601046-19-000110,https://www.sec.gov/Archives/edgar/data/1601046/0001601046-19-000110.txt,VERIFIED_FROM_OFFICIAL_SEC_MASTER_INDEX,Corrected pre-T0 universe; sequential 10-Q/10-K under frozen H06 F5 rule,No Signal,N/A,N/A,N/A,N/A,License and renewal accounting does not establish a qualifying yield or migration action.
157,information_technology,1,KEYS,Keysight Technologies,0001601046,F3,10-Q,2020-03-05,0001601046-20-000005,https://www.sec.gov/Archives/edgar/data/1601046/0001601046-20-000005.txt,VERIFIED_FROM_OFFICIAL_SEC_MASTER_INDEX,Corrected pre-T0 universe; sequential 10-Q/10-K under frozen H06 F5 rule,No Signal,N/A,N/A,N/A,N/A,License and renewal accounting does not establish a qualifying yield or migration action.
157,information_technology,1,KEYS,Keysight Technologies,0001601046,F4,10-Q,2020-06-02,0001601046-20-000045,https://www.sec.gov/Archives/edgar/data/1601046/0001601046-20-000045.txt,VERIFIED_FROM_OFFICIAL_SEC_MASTER_INDEX,Corrected pre-T0 universe; sequential 10-Q/10-K under frozen H06 F5 rule,No Signal,N/A,N/A,N/A,N/A,License and renewal accounting does not establish a qualifying yield or migration action.
157,information_technology,1,KEYS,Keysight Technologies,0001601046,F5,10-Q,2020-09-01,0001601046-20-000056,https://www.sec.gov/Archives/edgar/data/1601046/0001601046-20-000056.txt,VERIFIED_FROM_OFFICIAL_SEC_MASTER_INDEX,Corrected pre-T0 universe; sequential 10-Q/10-K under frozen H06 F5 rule,No Signal,N/A,N/A,N/A,N/A,License and renewal accounting does not establish a qualifying yield or migration action.
158,information_technology,2,IT,Gartner,0000749251,F1,10-Q,2019-10-31,0000749251-19-000025,https://www.sec.gov/Archives/edgar/data/749251/0000749251-19-000025.txt,VERIFIED_FROM_OFFICIAL_SEC_MASTER_INDEX,Corrected pre-T0 universe; sequential 10-Q/10-K under frozen H06 F5 rule,No Signal,N/A,N/A,N/A,N/A,Subscription contracts are the established delivery model; no qualifying customer-economic action or strengthening is identified.
158,information_technology,2,IT,Gartner,0000749251,F2,10-K,2020-02-19,0000749251-20-000008,https://www.sec.gov/Archives/edgar/data/749251/0000749251-20-000008.txt,VERIFIED_FROM_OFFICIAL_SEC_MASTER_INDEX,Corrected pre-T0 universe; sequential 10-Q/10-K under frozen H06 F5 rule,No Signal,N/A,N/A,N/A,N/A,Subscription contracts are the established delivery model; no qualifying customer-economic action or strengthening is identified.
158,information_technology,2,IT,Gartner,0000749251,F3,10-Q,2020-05-07,0000749251-20-000015,https://www.sec.gov/Archives/edgar/data/749251/0000749251-20-000015.txt,VERIFIED_FROM_OFFICIAL_SEC_MASTER_INDEX,Corrected pre-T0 universe; sequential 10-Q/10-K under frozen H06 F5 rule,No Signal,N/A,N/A,N/A,N/A,Subscription contracts are the established delivery model; no qualifying customer-economic action or strengthening is identified.
158,information_technology,2,IT,Gartner,0000749251,F4,10-Q,2020-08-04,0000749251-20-000026,https://www.sec.gov/Archives/edgar/data/749251/0000749251-20-000026.txt,VERIFIED_FROM_OFFICIAL_SEC_MASTER_INDEX,Corrected pre-T0 universe; sequential 10-Q/10-K under frozen H06 F5 rule,No Signal,N/A,N/A,N/A,N/A,Subscription contracts are the established delivery model; no qualifying customer-economic action or strengthening is identified.
158,information_technology,2,IT,Gartner,0000749251,F5,10-Q,2020-11-03,0000749251-20-000034,https://www.sec.gov/Archives/edgar/data/749251/0000749251-20-000034.txt,VERIFIED_FROM_OFFICIAL_SEC_MASTER_INDEX,Corrected pre-T0 universe; sequential 10-Q/10-K under frozen H06 F5 rule,No Signal,N/A,N/A,N/A,N/A,Subscription contracts are the established delivery model; no qualifying customer-economic action or strengthening is identified.
159,information_technology,3,KLAC,KLA Corporation,0000319201,F1,10-Q,2019-10-31,0000319201-19-000039,https://www.sec.gov/Archives/edgar/data/319201/0000319201-19-000039.txt,VERIFIED_FROM_OFFICIAL_SEC_MASTER_INDEX,Corrected pre-T0 universe; sequential 10-Q/10-K under frozen H06 F5 rule,SP002,Moderate,IMPLEMENTATION,Installed-base service customers,Company-originated commercial model,"Maintenance/support renewals generate recurring service revenue, but no Strong new yield mechanism or acceleration is present."
159,information_technology,3,KLAC,KLA Corporation,0000319201,F2,10-Q,2020-02-05,0000319201-20-000008,https://www.sec.gov/Archives/edgar/data/319201/0000319201-20-000008.txt,VERIFIED_FROM_OFFICIAL_SEC_MASTER_INDEX,Corrected pre-T0 universe; sequential 10-Q/10-K under frozen H06 F5 rule,SP002,Moderate,IMPLEMENTATION,Installed-base service customers,Company-originated commercial model,"Maintenance/support renewals generate recurring service revenue, but no Strong new yield mechanism or acceleration is present."
159,information_technology,3,KLAC,KLA Corporation,0000319201,F3,10-Q,2020-05-06,0000319201-20-000026,https://www.sec.gov/Archives/edgar/data/319201/0000319201-20-000026.txt,VERIFIED_FROM_OFFICIAL_SEC_MASTER_INDEX,Corrected pre-T0 universe; sequential 10-Q/10-K under frozen H06 F5 rule,SP002,Moderate,IMPLEMENTATION,Installed-base service customers,Company-originated commercial model,"Maintenance/support renewals generate recurring service revenue, but no Strong new yield mechanism or acceleration is present."
159,information_technology,3,KLAC,KLA Corporation,0000319201,F4,10-K,2020-08-07,0000319201-20-000047,https://www.sec.gov/Archives/edgar/data/319201/0000319201-20-000047.txt,VERIFIED_FROM_OFFICIAL_SEC_MASTER_INDEX,Corrected pre-T0 universe; sequential 10-Q/10-K under frozen H06 F5 rule,SP002,Moderate,IMPLEMENTATION,Installed-base service customers,Company-originated commercial model,"Maintenance/support renewals generate recurring service revenue, but no Strong new yield mechanism or acceleration is present."
159,information_technology,3,KLAC,KLA Corporation,0000319201,F5,10-Q,2020-10-30,0000319201-20-000057,https://www.sec.gov/Archives/edgar/data/319201/0000319201-20-000057.txt,VERIFIED_FROM_OFFICIAL_SEC_MASTER_INDEX,Corrected pre-T0 universe; sequential 10-Q/10-K under frozen H06 F5 rule,SP002,Moderate,IMPLEMENTATION,Installed-base service customers,Company-originated commercial model,"Maintenance/support renewals generate recurring service revenue, but no Strong new yield mechanism or acceleration is present."
160,information_technology,4,NLOK,NortonLifeLock,0000849399,F1,10-Q,2019-11-08,0000849399-19-000016,https://www.sec.gov/Archives/edgar/data/849399/0000849399-19-000016.txt,VERIFIED_FROM_OFFICIAL_SEC_MASTER_INDEX,Corrected pre-T0 universe; sequential 10-Q/10-K under frozen H06 F5 rule,SP002,Moderate,IMPLEMENTATION,Direct consumer subscribers,Company-originated commercial model,"ARPU and retention are explicitly monitored to understand monetization and renewals, but the filings do not identify a Strong new mechanism."
160,information_technology,4,NLOK,NortonLifeLock,0000849399,F2,10-Q,2020-02-07,0000849399-20-000002,https://www.sec.gov/Archives/edgar/data/849399/0000849399-20-000002.txt,VERIFIED_FROM_OFFICIAL_SEC_MASTER_INDEX,Corrected pre-T0 universe; sequential 10-Q/10-K under frozen H06 F5 rule,SP002,Moderate,IMPLEMENTATION,Direct consumer subscribers,Company-originated commercial model,"ARPU and retention are explicitly monitored to understand monetization and renewals, but the filings do not identify a Strong new mechanism."
160,information_technology,4,NLOK,NortonLifeLock,0000849399,F3,10-K,2020-05-28,0000849399-20-000004,https://www.sec.gov/Archives/edgar/data/849399/0000849399-20-000004.txt,VERIFIED_FROM_OFFICIAL_SEC_MASTER_INDEX,Corrected pre-T0 universe; sequential 10-Q/10-K under frozen H06 F5 rule,SP002,Moderate,IMPLEMENTATION,Direct consumer subscribers,Company-originated commercial model,"ARPU and retention are explicitly monitored to understand monetization and renewals, but the filings do not identify a Strong new mechanism."
160,information_technology,4,NLOK,NortonLifeLock,0000849399,F4,10-Q,2020-08-06,0000849399-20-000007,https://www.sec.gov/Archives/edgar/data/849399/0000849399-20-000007.txt,VERIFIED_FROM_OFFICIAL_SEC_MASTER_INDEX,Corrected pre-T0 universe; sequential 10-Q/10-K under frozen H06 F5 rule,SP002,Moderate,IMPLEMENTATION,Direct consumer subscribers,Company-originated commercial model,"ARPU and retention are explicitly monitored to understand monetization and renewals, but the filings do not identify a Strong new mechanism."
160,information_technology,4,NLOK,NortonLifeLock,0000849399,F5,10-Q,2020-11-06,0000849399-20-000011,https://www.sec.gov/Archives/edgar/data/849399/0000849399-20-000011.txt,VERIFIED_FROM_OFFICIAL_SEC_MASTER_INDEX,Corrected pre-T0 universe; sequential 10-Q/10-K under frozen H06 F5 rule,SP002,Moderate,IMPLEMENTATION,Direct consumer subscribers,Company-originated commercial model,"ARPU and retention are explicitly monitored to understand monetization and renewals, but the filings do not identify a Strong new mechanism."
161,information_technology,5,NVDA,Nvidia,0001045810,F1,10-Q,2019-11-14,0001045810-19-000170,https://www.sec.gov/Archives/edgar/data/1045810/0001045810-19-000170.txt,VERIFIED_FROM_OFFICIAL_SEC_MASTER_INDEX,Corrected pre-T0 universe; sequential 10-Q/10-K under frozen H06 F5 rule,No Signal,N/A,N/A,N/A,N/A,License/support accounting is not a qualifying customer-economic action.
161,information_technology,5,NVDA,Nvidia,0001045810,F2,10-K,2020-02-20,0001045810-20-000010,https://www.sec.gov/Archives/edgar/data/1045810/0001045810-20-000010.txt,VERIFIED_FROM_OFFICIAL_SEC_MASTER_INDEX,Corrected pre-T0 universe; sequential 10-Q/10-K under frozen H06 F5 rule,No Signal,N/A,N/A,N/A,N/A,License/support accounting is not a qualifying customer-economic action.
161,information_technology,5,NVDA,Nvidia,0001045810,F3,10-Q,2020-05-21,0001045810-20-000065,https://www.sec.gov/Archives/edgar/data/1045810/0001045810-20-000065.txt,VERIFIED_FROM_OFFICIAL_SEC_MASTER_INDEX,Corrected pre-T0 universe; sequential 10-Q/10-K under frozen H06 F5 rule,No Signal,N/A,N/A,N/A,N/A,License/support accounting is not a qualifying customer-economic action.
161,information_technology,5,NVDA,Nvidia,0001045810,F4,10-Q,2020-08-19,0001045810-20-000147,https://www.sec.gov/Archives/edgar/data/1045810/0001045810-20-000147.txt,VERIFIED_FROM_OFFICIAL_SEC_MASTER_INDEX,Corrected pre-T0 universe; sequential 10-Q/10-K under frozen H06 F5 rule,No Signal,N/A,N/A,N/A,N/A,License/support accounting is not a qualifying customer-economic action.
161,information_technology,5,NVDA,Nvidia,0001045810,F5,10-Q,2020-11-18,0001045810-20-000189,https://www.sec.gov/Archives/edgar/data/1045810/0001045810-20-000189.txt,VERIFIED_FROM_OFFICIAL_SEC_MASTER_INDEX,Corrected pre-T0 universe; sequential 10-Q/10-K under frozen H06 F5 rule,No Signal,N/A,N/A,N/A,N/A,License/support accounting is not a qualifying customer-economic action.
162,information_technology,6,XLNX,Xilinx,0000743988,F1,10-Q,2019-10-25,0000743988-19-000038,https://www.sec.gov/Archives/edgar/data/743988/0000743988-19-000038.txt,VERIFIED_FROM_OFFICIAL_SEC_MASTER_INDEX,Corrected pre-T0 universe; sequential 10-Q/10-K under frozen H06 F5 rule,No Signal,N/A,N/A,N/A,N/A,Licensing and piracy references do not show entitlement monetization or yield action.
162,information_technology,6,XLNX,Xilinx,0000743988,F2,10-Q,2020-01-28,0000743988-20-000009,https://www.sec.gov/Archives/edgar/data/743988/0000743988-20-000009.txt,VERIFIED_FROM_OFFICIAL_SEC_MASTER_INDEX,Corrected pre-T0 universe; sequential 10-Q/10-K under frozen H06 F5 rule,No Signal,N/A,N/A,N/A,N/A,Licensing and piracy references do not show entitlement monetization or yield action.
162,information_technology,6,XLNX,Xilinx,0000743988,F3,10-K,2020-05-08,0000743988-20-000020,https://www.sec.gov/Archives/edgar/data/743988/0000743988-20-000020.txt,VERIFIED_FROM_OFFICIAL_SEC_MASTER_INDEX,Corrected pre-T0 universe; sequential 10-Q/10-K under frozen H06 F5 rule,No Signal,N/A,N/A,N/A,N/A,Licensing and piracy references do not show entitlement monetization or yield action.
162,information_technology,6,XLNX,Xilinx,0000743988,F4,10-Q,2020-07-31,0000743988-20-000040,https://www.sec.gov/Archives/edgar/data/743988/0000743988-20-000040.txt,VERIFIED_FROM_OFFICIAL_SEC_MASTER_INDEX,Corrected pre-T0 universe; sequential 10-Q/10-K under frozen H06 F5 rule,No Signal,N/A,N/A,N/A,N/A,Licensing and piracy references do not show entitlement monetization or yield action.
162,information_technology,6,XLNX,Xilinx,0000743988,F5,10-Q,2020-10-22,0000743988-20-000051,https://www.sec.gov/Archives/edgar/data/743988/0000743988-20-000051.txt,VERIFIED_FROM_OFFICIAL_SEC_MASTER_INDEX,Corrected pre-T0 universe; sequential 10-Q/10-K under frozen H06 F5 rule,No Signal,N/A,N/A,N/A,N/A,Licensing and piracy references do not show entitlement monetization or yield action.
163,information_technology,7,SWKS,Skyworks Solutions,0000004127,F1,10-K,2019-11-14,0000004127-19-000049,https://www.sec.gov/Archives/edgar/data/4127/0000004127-19-000049.txt,VERIFIED_FROM_OFFICIAL_SEC_MASTER_INDEX,Corrected pre-T0 universe; sequential 10-Q/10-K under frozen H06 F5 rule,No Signal,N/A,N/A,N/A,N/A,Unauthorized-use language concerns protection of company IP rather than monetizing unentitled customer access.
163,information_technology,7,SWKS,Skyworks Solutions,0000004127,F2,10-Q,2020-01-24,0000004127-20-000007,https://www.sec.gov/Archives/edgar/data/4127/0000004127-20-000007.txt,VERIFIED_FROM_OFFICIAL_SEC_MASTER_INDEX,Corrected pre-T0 universe; sequential 10-Q/10-K under frozen H06 F5 rule,No Signal,N/A,N/A,N/A,N/A,Unauthorized-use language concerns protection of company IP rather than monetizing unentitled customer access.
163,information_technology,7,SWKS,Skyworks Solutions,0000004127,F3,10-Q,2020-05-05,0000004127-20-000027,https://www.sec.gov/Archives/edgar/data/4127/0000004127-20-000027.txt,VERIFIED_FROM_OFFICIAL_SEC_MASTER_INDEX,Corrected pre-T0 universe; sequential 10-Q/10-K under frozen H06 F5 rule,No Signal,N/A,N/A,N/A,N/A,Unauthorized-use language concerns protection of company IP rather than monetizing unentitled customer access.
163,information_technology,7,SWKS,Skyworks Solutions,0000004127,F4,10-Q,2020-07-24,0000004127-20-000046,https://www.sec.gov/Archives/edgar/data/4127/0000004127-20-000046.txt,VERIFIED_FROM_OFFICIAL_SEC_MASTER_INDEX,Corrected pre-T0 universe; sequential 10-Q/10-K under frozen H06 F5 rule,No Signal,N/A,N/A,N/A,N/A,Unauthorized-use language concerns protection of company IP rather than monetizing unentitled customer access.
163,information_technology,7,SWKS,Skyworks Solutions,0000004127,F5,10-K,2020-11-17,0000004127-20-000058,https://www.sec.gov/Archives/edgar/data/4127/0000004127-20-000058.txt,VERIFIED_FROM_OFFICIAL_SEC_MASTER_INDEX,Corrected pre-T0 universe; sequential 10-Q/10-K under frozen H06 F5 rule,No Signal,N/A,N/A,N/A,N/A,Unauthorized-use language concerns protection of company IP rather than monetizing unentitled customer access.
164,information_technology,8,CTXS,Citrix,0000877890,F1,10-Q,2019-11-01,0000877890-19-000279,https://www.sec.gov/Archives/edgar/data/877890/0000877890-19-000279.txt,VERIFIED_FROM_OFFICIAL_SEC_MASTER_INDEX,Corrected pre-T0 universe; sequential 10-Q/10-K under frozen H06 F5 rule,SP003,Very Strong,IMPLEMENTATION,Workspace/Networking customers,Company-originated commercial model,"Subscription transition becomes materially more explicit: customers shift away from perpetual offerings, subscription ARR accelerates, and new perpetual Workspace licenses are planned to end; strong architecture migration."
164,information_technology,8,CTXS,Citrix,0000877890,F2,10-K,2020-02-14,0000877890-20-000051,https://www.sec.gov/Archives/edgar/data/877890/0000877890-20-000051.txt,VERIFIED_FROM_OFFICIAL_SEC_MASTER_INDEX,Corrected pre-T0 universe; sequential 10-Q/10-K under frozen H06 F5 rule,SP003,Very Strong,IMPLEMENTATION,Workspace/Networking customers,Company-originated commercial model,"Subscription transition becomes materially more explicit: customers shift away from perpetual offerings, subscription ARR accelerates, and new perpetual Workspace licenses are planned to end; strong architecture migration."
164,information_technology,8,CTXS,Citrix,0000877890,F3,10-Q,2020-05-05,0000877890-20-000155,https://www.sec.gov/Archives/edgar/data/877890/0000877890-20-000155.txt,VERIFIED_FROM_OFFICIAL_SEC_MASTER_INDEX,Corrected pre-T0 universe; sequential 10-Q/10-K under frozen H06 F5 rule,SP003,Very Strong,IMPLEMENTATION,Workspace/Networking customers,Company-originated commercial model,"Subscription transition becomes materially more explicit: customers shift away from perpetual offerings, subscription ARR accelerates, and new perpetual Workspace licenses are planned to end; strong architecture migration."
164,information_technology,8,CTXS,Citrix,0000877890,F4,10-Q,2020-07-31,0000877890-20-000247,https://www.sec.gov/Archives/edgar/data/877890/0000877890-20-000247.txt,VERIFIED_FROM_OFFICIAL_SEC_MASTER_INDEX,Corrected pre-T0 universe; sequential 10-Q/10-K under frozen H06 F5 rule,SP003,Very Strong,IMPLEMENTATION,Workspace/Networking customers,Company-originated commercial model,"Subscription transition becomes materially more explicit: customers shift away from perpetual offerings, subscription ARR accelerates, and new perpetual Workspace licenses are planned to end; strong architecture migration."
164,information_technology,8,CTXS,Citrix,0000877890,F5,10-Q,2020-10-30,0000877890-20-000316,https://www.sec.gov/Archives/edgar/data/877890/0000877890-20-000316.txt,VERIFIED_FROM_OFFICIAL_SEC_MASTER_INDEX,Corrected pre-T0 universe; sequential 10-Q/10-K under frozen H06 F5 rule,SP003,Very Strong,IMPLEMENTATION,Workspace/Networking customers,Company-originated commercial model,"Subscription transition becomes materially more explicit: customers shift away from perpetual offerings, subscription ARR accelerates, and new perpetual Workspace licenses are planned to end; strong architecture migration."
165,information_technology,9,TDY,Teledyne Technologies,0001094285,F1,10-Q,2019-10-28,0001094285-19-000162,https://www.sec.gov/Archives/edgar/data/1094285/0001094285-19-000162.txt,VERIFIED_FROM_OFFICIAL_SEC_MASTER_INDEX,Corrected pre-T0 universe; sequential 10-Q/10-K under frozen H06 F5 rule,No Signal,N/A,N/A,N/A,N/A,No qualifying customer-economic mechanism.
165,information_technology,9,TDY,Teledyne Technologies,0001094285,F2,10-K,2020-02-24,0001094285-20-000045,https://www.sec.gov/Archives/edgar/data/1094285/0001094285-20-000045.txt,VERIFIED_FROM_OFFICIAL_SEC_MASTER_INDEX,Corrected pre-T0 universe; sequential 10-Q/10-K under frozen H06 F5 rule,No Signal,N/A,N/A,N/A,N/A,No qualifying customer-economic mechanism.
165,information_technology,9,TDY,Teledyne Technologies,0001094285,F3,10-Q,2020-04-22,0001094285-20-000068,https://www.sec.gov/Archives/edgar/data/1094285/0001094285-20-000068.txt,VERIFIED_FROM_OFFICIAL_SEC_MASTER_INDEX,Corrected pre-T0 universe; sequential 10-Q/10-K under frozen H06 F5 rule,No Signal,N/A,N/A,N/A,N/A,No qualifying customer-economic mechanism.
165,information_technology,9,TDY,Teledyne Technologies,0001094285,F4,10-Q,2020-07-23,0001094285-20-000139,https://www.sec.gov/Archives/edgar/data/1094285/0001094285-20-000139.txt,VERIFIED_FROM_OFFICIAL_SEC_MASTER_INDEX,Corrected pre-T0 universe; sequential 10-Q/10-K under frozen H06 F5 rule,No Signal,N/A,N/A,N/A,N/A,No qualifying customer-economic mechanism.
165,information_technology,9,TDY,Teledyne Technologies,0001094285,F5,10-Q,2020-10-22,0001094285-20-000163,https://www.sec.gov/Archives/edgar/data/1094285/0001094285-20-000163.txt,VERIFIED_FROM_OFFICIAL_SEC_MASTER_INDEX,Corrected pre-T0 universe; sequential 10-Q/10-K under frozen H06 F5 rule,No Signal,N/A,N/A,N/A,N/A,No qualifying customer-economic mechanism.
166,information_technology,10,AKAM,Akamai Technologies,0001086222,F1,10-Q,2019-11-08,0001086222-19-000241,https://www.sec.gov/Archives/edgar/data/1086222/0001086222-19-000241.txt,VERIFIED_FROM_OFFICIAL_SEC_MASTER_INDEX,Corrected pre-T0 universe; sequential 10-Q/10-K under frozen H06 F5 rule,No Signal,N/A,N/A,N/A,N/A,Open-source/IP license language is non-qualifying.
166,information_technology,10,AKAM,Akamai Technologies,0001086222,F2,10-K,2020-02-28,0001086222-20-000045,https://www.sec.gov/Archives/edgar/data/1086222/0001086222-20-000045.txt,VERIFIED_FROM_OFFICIAL_SEC_MASTER_INDEX,Corrected pre-T0 universe; sequential 10-Q/10-K under frozen H06 F5 rule,No Signal,N/A,N/A,N/A,N/A,Open-source/IP license language is non-qualifying.
166,information_technology,10,AKAM,Akamai Technologies,0001086222,F3,10-Q,2020-05-08,0001086222-20-000103,https://www.sec.gov/Archives/edgar/data/1086222/0001086222-20-000103.txt,VERIFIED_FROM_OFFICIAL_SEC_MASTER_INDEX,Corrected pre-T0 universe; sequential 10-Q/10-K under frozen H06 F5 rule,No Signal,N/A,N/A,N/A,N/A,Open-source/IP license language is non-qualifying.
166,information_technology,10,AKAM,Akamai Technologies,0001086222,F4,10-Q,2020-08-07,0001086222-20-000198,https://www.sec.gov/Archives/edgar/data/1086222/0001086222-20-000198.txt,VERIFIED_FROM_OFFICIAL_SEC_MASTER_INDEX,Corrected pre-T0 universe; sequential 10-Q/10-K under frozen H06 F5 rule,No Signal,N/A,N/A,N/A,N/A,Open-source/IP license language is non-qualifying.
166,information_technology,10,AKAM,Akamai Technologies,0001086222,F5,10-Q,2020-11-06,0001086222-20-000220,https://www.sec.gov/Archives/edgar/data/1086222/0001086222-20-000220.txt,VERIFIED_FROM_OFFICIAL_SEC_MASTER_INDEX,Corrected pre-T0 universe; sequential 10-Q/10-K under frozen H06 F5 rule,No Signal,N/A,N/A,N/A,N/A,Open-source/IP license language is non-qualifying.
167,information_technology,11,INTU,Intuit,0000896878,F1,10-Q,2019-11-21,0000896878-19-000174,https://www.sec.gov/Archives/edgar/data/896878/0000896878-19-000174.txt,VERIFIED_FROM_OFFICIAL_SEC_MASTER_INDEX,Corrected pre-T0 universe; sequential 10-Q/10-K under frozen H06 F5 rule,SP002,Moderate,IMPLEMENTATION,QuickBooks desktop customers,Company-originated commercial model,"Desktop subscriptions, memberships and related paid services are established recurring monetization, but no Strong new yield mechanism emerges."
167,information_technology,11,INTU,Intuit,0000896878,F2,10-Q,2020-02-24,0000896878-20-000027,https://www.sec.gov/Archives/edgar/data/896878/0000896878-20-000027.txt,VERIFIED_FROM_OFFICIAL_SEC_MASTER_INDEX,Corrected pre-T0 universe; sequential 10-Q/10-K under frozen H06 F5 rule,SP002,Moderate,IMPLEMENTATION,QuickBooks desktop customers,Company-originated commercial model,"Desktop subscriptions, memberships and related paid services are established recurring monetization, but no Strong new yield mechanism emerges."
167,information_technology,11,INTU,Intuit,0000896878,F3,10-Q,2020-05-21,0000896878-20-000065,https://www.sec.gov/Archives/edgar/data/896878/0000896878-20-000065.txt,VERIFIED_FROM_OFFICIAL_SEC_MASTER_INDEX,Corrected pre-T0 universe; sequential 10-Q/10-K under frozen H06 F5 rule,SP002,Moderate,IMPLEMENTATION,QuickBooks desktop customers,Company-originated commercial model,"Desktop subscriptions, memberships and related paid services are established recurring monetization, but no Strong new yield mechanism emerges."
167,information_technology,11,INTU,Intuit,0000896878,F4,10-K,2020-08-31,0000896878-20-000148,https://www.sec.gov/Archives/edgar/data/896878/0000896878-20-000148.txt,VERIFIED_FROM_OFFICIAL_SEC_MASTER_INDEX,Corrected pre-T0 universe; sequential 10-Q/10-K under frozen H06 F5 rule,SP002,Moderate,IMPLEMENTATION,QuickBooks desktop customers,Company-originated commercial model,"Desktop subscriptions, memberships and related paid services are established recurring monetization, but no Strong new yield mechanism emerges."
167,information_technology,11,INTU,Intuit,0000896878,F5,10-Q,2020-11-19,0000896878-20-000223,https://www.sec.gov/Archives/edgar/data/896878/0000896878-20-000223.txt,VERIFIED_FROM_OFFICIAL_SEC_MASTER_INDEX,Corrected pre-T0 universe; sequential 10-Q/10-K under frozen H06 F5 rule,SP002,Moderate,IMPLEMENTATION,QuickBooks desktop customers,Company-originated commercial model,"Desktop subscriptions, memberships and related paid services are established recurring monetization, but no Strong new yield mechanism emerges."
168,information_technology,12,CDNS,Cadence Design Systems,0000813672,F1,10-Q,2019-10-21,0000813672-19-000027,https://www.sec.gov/Archives/edgar/data/813672/0000813672-19-000027.txt,VERIFIED_FROM_OFFICIAL_SEC_MASTER_INDEX,Corrected pre-T0 universe; sequential 10-Q/10-K under frozen H06 F5 rule,SP002,Moderate,IMPLEMENTATION,EDA/IP customers,Company-originated commercial model,"Recurring software, maintenance and usage-based royalty structures are established; no material strengthening is shown."
168,information_technology,12,CDNS,Cadence Design Systems,0000813672,F2,10-K,2020-02-24,0000813672-20-000007,https://www.sec.gov/Archives/edgar/data/813672/0000813672-20-000007.txt,VERIFIED_FROM_OFFICIAL_SEC_MASTER_INDEX,Corrected pre-T0 universe; sequential 10-Q/10-K under frozen H06 F5 rule,SP002,Moderate,IMPLEMENTATION,EDA/IP customers,Company-originated commercial model,"Recurring software, maintenance and usage-based royalty structures are established; no material strengthening is shown."
168,information_technology,12,CDNS,Cadence Design Systems,0000813672,F3,10-Q,2020-04-20,0000813672-20-000013,https://www.sec.gov/Archives/edgar/data/813672/0000813672-20-000013.txt,VERIFIED_FROM_OFFICIAL_SEC_MASTER_INDEX,Corrected pre-T0 universe; sequential 10-Q/10-K under frozen H06 F5 rule,SP002,Moderate,IMPLEMENTATION,EDA/IP customers,Company-originated commercial model,"Recurring software, maintenance and usage-based royalty structures are established; no material strengthening is shown."
168,information_technology,12,CDNS,Cadence Design Systems,0000813672,F4,10-Q,2020-07-20,0000813672-20-000020,https://www.sec.gov/Archives/edgar/data/813672/0000813672-20-000020.txt,VERIFIED_FROM_OFFICIAL_SEC_MASTER_INDEX,Corrected pre-T0 universe; sequential 10-Q/10-K under frozen H06 F5 rule,SP002,Moderate,IMPLEMENTATION,EDA/IP customers,Company-originated commercial model,"Recurring software, maintenance and usage-based royalty structures are established; no material strengthening is shown."
168,information_technology,12,CDNS,Cadence Design Systems,0000813672,F5,10-Q,2020-10-19,0000813672-20-000027,https://www.sec.gov/Archives/edgar/data/813672/0000813672-20-000027.txt,VERIFIED_FROM_OFFICIAL_SEC_MASTER_INDEX,Corrected pre-T0 universe; sequential 10-Q/10-K under frozen H06 F5 rule,SP002,Moderate,IMPLEMENTATION,EDA/IP customers,Company-originated commercial model,"Recurring software, maintenance and usage-based royalty structures are established; no material strengthening is shown."
169,information_technology,13,CRM,Salesforce,0001108524,F1,10-Q,2019-08-23,0001108524-19-000052,https://www.sec.gov/Archives/edgar/data/1108524/0001108524-19-000052.txt,VERIFIED_FROM_OFFICIAL_SEC_MASTER_INDEX,Corrected pre-T0 universe; sequential 10-Q/10-K under frozen H06 F5 rule,SP002,Very Strong,IMPLEMENTATION,Existing enterprise subscribers,Company-originated commercial model,"Revenue is explicitly driven by upgrades and additional subscriptions from existing customers; premium support and priority support are paid add-ons. The model is already explicit at F1, so no acceleration."
169,information_technology,13,CRM,Salesforce,0001108524,F2,10-Q,2019-12-04,0001108524-19-000076,https://www.sec.gov/Archives/edgar/data/1108524/0001108524-19-000076.txt,VERIFIED_FROM_OFFICIAL_SEC_MASTER_INDEX,Corrected pre-T0 universe; sequential 10-Q/10-K under frozen H06 F5 rule,SP002,Very Strong,IMPLEMENTATION,Existing enterprise subscribers,Company-originated commercial model,"Revenue is explicitly driven by upgrades and additional subscriptions from existing customers; premium support and priority support are paid add-ons. The model is already explicit at F1, so no acceleration."
169,information_technology,13,CRM,Salesforce,0001108524,F3,10-K,2020-03-05,0001108524-20-000014,https://www.sec.gov/Archives/edgar/data/1108524/0001108524-20-000014.txt,VERIFIED_FROM_OFFICIAL_SEC_MASTER_INDEX,Corrected pre-T0 universe; sequential 10-Q/10-K under frozen H06 F5 rule,SP002,Very Strong,IMPLEMENTATION,Existing enterprise subscribers,Company-originated commercial model,"Revenue is explicitly driven by upgrades and additional subscriptions from existing customers; premium support and priority support are paid add-ons. The model is already explicit at F1, so no acceleration."
169,information_technology,13,CRM,Salesforce,0001108524,F4,10-Q,2020-06-01,0001108524-22-000007,https://www.sec.gov/Archives/edgar/data/1108524/0001108524-22-000007.txt,VERIFIED_FROM_OFFICIAL_SEC_MASTER_INDEX,Corrected pre-T0 universe; sequential 10-Q/10-K under frozen H06 F5 rule,SP002,Very Strong,IMPLEMENTATION,Existing enterprise subscribers,Company-originated commercial model,"Revenue is explicitly driven by upgrades and additional subscriptions from existing customers; premium support and priority support are paid add-ons. The model is already explicit at F1, so no acceleration."
169,information_technology,13,CRM,Salesforce,0001108524,F5,10-Q,2020-08-28,0001108524-20-000041,https://www.sec.gov/Archives/edgar/data/1108524/0001108524-20-000041.txt,VERIFIED_FROM_OFFICIAL_SEC_MASTER_INDEX,Corrected pre-T0 universe; sequential 10-Q/10-K under frozen H06 F5 rule,SP002,Very Strong,IMPLEMENTATION,Existing enterprise subscribers,Company-originated commercial model,"Revenue is explicitly driven by upgrades and additional subscriptions from existing customers; premium support and priority support are paid add-ons. The model is already explicit at F1, so no acceleration."
170,information_technology,14,INTC,Intel,0000050863,F1,10-Q,2019-10-25,0000050863-19-000029,https://www.sec.gov/Archives/edgar/data/50863/0000050863-19-000029.txt,VERIFIED_FROM_OFFICIAL_SEC_MASTER_INDEX,Corrected pre-T0 universe; sequential 10-Q/10-K under frozen H06 F5 rule,No Signal,N/A,N/A,N/A,N/A,"Product tiers describe technology/performance positioning, not a qualifying customer-economic migration or yield action."
170,information_technology,14,INTC,Intel,0000050863,F2,10-K,2020-01-24,0000050863-20-000011,https://www.sec.gov/Archives/edgar/data/50863/0000050863-20-000011.txt,VERIFIED_FROM_OFFICIAL_SEC_MASTER_INDEX,Corrected pre-T0 universe; sequential 10-Q/10-K under frozen H06 F5 rule,No Signal,N/A,N/A,N/A,N/A,"Product tiers describe technology/performance positioning, not a qualifying customer-economic migration or yield action."
170,information_technology,14,INTC,Intel,0000050863,F3,10-Q,2020-04-24,0000050863-20-000017,https://www.sec.gov/Archives/edgar/data/50863/0000050863-20-000017.txt,VERIFIED_FROM_OFFICIAL_SEC_MASTER_INDEX,Corrected pre-T0 universe; sequential 10-Q/10-K under frozen H06 F5 rule,No Signal,N/A,N/A,N/A,N/A,"Product tiers describe technology/performance positioning, not a qualifying customer-economic migration or yield action."
170,information_technology,14,INTC,Intel,0000050863,F4,10-Q,2020-07-24,0000050863-20-000026,https://www.sec.gov/Archives/edgar/data/50863/0000050863-20-000026.txt,VERIFIED_FROM_OFFICIAL_SEC_MASTER_INDEX,Corrected pre-T0 universe; sequential 10-Q/10-K under frozen H06 F5 rule,No Signal,N/A,N/A,N/A,N/A,"Product tiers describe technology/performance positioning, not a qualifying customer-economic migration or yield action."
170,information_technology,14,INTC,Intel,0000050863,F5,10-Q,2020-10-23,0000050863-20-000043,https://www.sec.gov/Archives/edgar/data/50863/0000050863-20-000043.txt,VERIFIED_FROM_OFFICIAL_SEC_MASTER_INDEX,Corrected pre-T0 universe; sequential 10-Q/10-K under frozen H06 F5 rule,No Signal,N/A,N/A,N/A,N/A,"Product tiers describe technology/performance positioning, not a qualifying customer-economic migration or yield action."
171,information_technology,15,JNPR,Juniper Networks,0001043604,F1,10-Q,2019-11-06,0001043604-19-000113,https://www.sec.gov/Archives/edgar/data/1043604/0001043604-19-000113.txt,VERIFIED_FROM_OFFICIAL_SEC_MASTER_INDEX,Corrected pre-T0 universe; sequential 10-Q/10-K under frozen H06 F5 rule,SP002,Moderate,IMPLEMENTATION,Networking customers,Company-originated commercial model,"Management intends to better monetize software through subscriptions/SaaS/perpetual licenses, but the signal is not persistently Strong at F5 and does not meet the frozen acceleration threshold."
171,information_technology,15,JNPR,Juniper Networks,0001043604,F2,10-K,2020-02-20,0001043604-20-000021,https://www.sec.gov/Archives/edgar/data/1043604/0001043604-20-000021.txt,VERIFIED_FROM_OFFICIAL_SEC_MASTER_INDEX,Corrected pre-T0 universe; sequential 10-Q/10-K under frozen H06 F5 rule,SP002,Moderate,IMPLEMENTATION,Networking customers,Company-originated commercial model,"Management intends to better monetize software through subscriptions/SaaS/perpetual licenses, but the signal is not persistently Strong at F5 and does not meet the frozen acceleration threshold."
171,information_technology,15,JNPR,Juniper Networks,0001043604,F3,10-Q,2020-05-05,0001043604-20-000051,https://www.sec.gov/Archives/edgar/data/1043604/0001043604-20-000051.txt,VERIFIED_FROM_OFFICIAL_SEC_MASTER_INDEX,Corrected pre-T0 universe; sequential 10-Q/10-K under frozen H06 F5 rule,SP002,Moderate,IMPLEMENTATION,Networking customers,Company-originated commercial model,"Management intends to better monetize software through subscriptions/SaaS/perpetual licenses, but the signal is not persistently Strong at F5 and does not meet the frozen acceleration threshold."
171,information_technology,15,JNPR,Juniper Networks,0001043604,F4,10-Q,2020-08-04,0001043604-20-000072,https://www.sec.gov/Archives/edgar/data/1043604/0001043604-20-000072.txt,VERIFIED_FROM_OFFICIAL_SEC_MASTER_INDEX,Corrected pre-T0 universe; sequential 10-Q/10-K under frozen H06 F5 rule,SP002,Moderate,IMPLEMENTATION,Networking customers,Company-originated commercial model,"Management intends to better monetize software through subscriptions/SaaS/perpetual licenses, but the signal is not persistently Strong at F5 and does not meet the frozen acceleration threshold."
171,information_technology,15,JNPR,Juniper Networks,0001043604,F5,10-Q,2020-11-02,0001043604-20-000088,https://www.sec.gov/Archives/edgar/data/1043604/0001043604-20-000088.txt,VERIFIED_FROM_OFFICIAL_SEC_MASTER_INDEX,Corrected pre-T0 universe; sequential 10-Q/10-K under frozen H06 F5 rule,SP002,Moderate,IMPLEMENTATION,Networking customers,Company-originated commercial model,"Management intends to better monetize software through subscriptions/SaaS/perpetual licenses, but the signal is not persistently Strong at F5 and does not meet the frozen acceleration threshold."
172,information_technology,16,ROP,Roper Technologies,0000882835,F1,10-Q,2019-11-01,0000882835-19-000050,https://www.sec.gov/Archives/edgar/data/882835/0000882835-19-000050.txt,VERIFIED_FROM_OFFICIAL_SEC_MASTER_INDEX,Corrected pre-T0 universe; sequential 10-Q/10-K under frozen H06 F5 rule,No Signal,N/A,N/A,N/A,N/A,"SaaS subscription growth is ordinary business mix, without a qualifying new customer-yield action."
172,information_technology,16,ROP,Roper Technologies,0000882835,F2,10-K,2020-02-28,0000882835-20-000006,https://www.sec.gov/Archives/edgar/data/882835/0000882835-20-000006.txt,VERIFIED_FROM_OFFICIAL_SEC_MASTER_INDEX,Corrected pre-T0 universe; sequential 10-Q/10-K under frozen H06 F5 rule,No Signal,N/A,N/A,N/A,N/A,"SaaS subscription growth is ordinary business mix, without a qualifying new customer-yield action."
172,information_technology,16,ROP,Roper Technologies,0000882835,F3,10-Q,2020-05-06,0000882835-20-000012,https://www.sec.gov/Archives/edgar/data/882835/0000882835-20-000012.txt,VERIFIED_FROM_OFFICIAL_SEC_MASTER_INDEX,Corrected pre-T0 universe; sequential 10-Q/10-K under frozen H06 F5 rule,No Signal,N/A,N/A,N/A,N/A,"SaaS subscription growth is ordinary business mix, without a qualifying new customer-yield action."
172,information_technology,16,ROP,Roper Technologies,0000882835,F4,10-Q,2020-08-05,0000882835-20-000025,https://www.sec.gov/Archives/edgar/data/882835/0000882835-20-000025.txt,VERIFIED_FROM_OFFICIAL_SEC_MASTER_INDEX,Corrected pre-T0 universe; sequential 10-Q/10-K under frozen H06 F5 rule,No Signal,N/A,N/A,N/A,N/A,"SaaS subscription growth is ordinary business mix, without a qualifying new customer-yield action."
172,information_technology,16,ROP,Roper Technologies,0000882835,F5,10-Q,2020-11-04,0000882835-20-000033,https://www.sec.gov/Archives/edgar/data/882835/0000882835-20-000033.txt,VERIFIED_FROM_OFFICIAL_SEC_MASTER_INDEX,Corrected pre-T0 universe; sequential 10-Q/10-K under frozen H06 F5 rule,No Signal,N/A,N/A,N/A,N/A,"SaaS subscription growth is ordinary business mix, without a qualifying new customer-yield action."
173,information_technology,17,VRSN,Verisign,0001014473,F1,10-Q,2019-10-24,0001014473-19-000037,https://www.sec.gov/Archives/edgar/data/1014473/0001014473-19-000037.txt,VERIFIED_FROM_OFFICIAL_SEC_MASTER_INDEX,Corrected pre-T0 universe; sequential 10-Q/10-K under frozen H06 F5 rule,SP002,Very Strong,IMPLEMENTATION,Domain registrants,Company-originated commercial model,Revenue is explicitly driven by renewal rates and permitted price increases from F1 through F5; very strong but fully pre-existing.
173,information_technology,17,VRSN,Verisign,0001014473,F2,10-K,2020-02-14,0001014473-20-000006,https://www.sec.gov/Archives/edgar/data/1014473/0001014473-20-000006.txt,VERIFIED_FROM_OFFICIAL_SEC_MASTER_INDEX,Corrected pre-T0 universe; sequential 10-Q/10-K under frozen H06 F5 rule,SP002,Very Strong,IMPLEMENTATION,Domain registrants,Company-originated commercial model,Revenue is explicitly driven by renewal rates and permitted price increases from F1 through F5; very strong but fully pre-existing.
173,information_technology,17,VRSN,Verisign,0001014473,F3,10-Q,2020-04-23,0001014473-20-000019,https://www.sec.gov/Archives/edgar/data/1014473/0001014473-20-000019.txt,VERIFIED_FROM_OFFICIAL_SEC_MASTER_INDEX,Corrected pre-T0 universe; sequential 10-Q/10-K under frozen H06 F5 rule,SP002,Very Strong,IMPLEMENTATION,Domain registrants,Company-originated commercial model,Revenue is explicitly driven by renewal rates and permitted price increases from F1 through F5; very strong but fully pre-existing.
173,information_technology,17,VRSN,Verisign,0001014473,F4,10-Q,2020-07-23,0001014473-20-000029,https://www.sec.gov/Archives/edgar/data/1014473/0001014473-20-000029.txt,VERIFIED_FROM_OFFICIAL_SEC_MASTER_INDEX,Corrected pre-T0 universe; sequential 10-Q/10-K under frozen H06 F5 rule,SP002,Very Strong,IMPLEMENTATION,Domain registrants,Company-originated commercial model,Revenue is explicitly driven by renewal rates and permitted price increases from F1 through F5; very strong but fully pre-existing.
173,information_technology,17,VRSN,Verisign,0001014473,F5,10-Q,2020-10-22,0001014473-20-000034,https://www.sec.gov/Archives/edgar/data/1014473/0001014473-20-000034.txt,VERIFIED_FROM_OFFICIAL_SEC_MASTER_INDEX,Corrected pre-T0 universe; sequential 10-Q/10-K under frozen H06 F5 rule,SP002,Very Strong,IMPLEMENTATION,Domain registrants,Company-originated commercial model,Revenue is explicitly driven by renewal rates and permitted price increases from F1 through F5; very strong but fully pre-existing.
174,information_technology,18,AVGO,Broadcom,0001730168,F1,10-Q,2019-09-13,0001730168-19-000118,https://www.sec.gov/Archives/edgar/data/1730168/0001730168-19-000118.txt,VERIFIED_FROM_OFFICIAL_SEC_MASTER_INDEX,Corrected pre-T0 universe; sequential 10-Q/10-K under frozen H06 F5 rule,SP002,Moderate,IMPLEMENTATION,Software customers,Company-originated commercial model,"Software seat-license/subscription usage is monitored, but no Strong yield expansion or migration mechanism is identified."
174,information_technology,18,AVGO,Broadcom,0001730168,F2,10-K,2019-12-20,0001730168-19-000144,https://www.sec.gov/Archives/edgar/data/1730168/0001730168-19-000144.txt,VERIFIED_FROM_OFFICIAL_SEC_MASTER_INDEX,Corrected pre-T0 universe; sequential 10-Q/10-K under frozen H06 F5 rule,SP002,Moderate,IMPLEMENTATION,Software customers,Company-originated commercial model,"Software seat-license/subscription usage is monitored, but no Strong yield expansion or migration mechanism is identified."
174,information_technology,18,AVGO,Broadcom,0001730168,F3,10-Q,2020-03-13,0001730168-20-000045,https://www.sec.gov/Archives/edgar/data/1730168/0001730168-20-000045.txt,VERIFIED_FROM_OFFICIAL_SEC_MASTER_INDEX,Corrected pre-T0 universe; sequential 10-Q/10-K under frozen H06 F5 rule,SP002,Moderate,IMPLEMENTATION,Software customers,Company-originated commercial model,"Software seat-license/subscription usage is monitored, but no Strong yield expansion or migration mechanism is identified."
174,information_technology,18,AVGO,Broadcom,0001730168,F4,10-Q,2020-06-12,0001730168-20-000109,https://www.sec.gov/Archives/edgar/data/1730168/0001730168-20-000109.txt,VERIFIED_FROM_OFFICIAL_SEC_MASTER_INDEX,Corrected pre-T0 universe; sequential 10-Q/10-K under frozen H06 F5 rule,SP002,Moderate,IMPLEMENTATION,Software customers,Company-originated commercial model,"Software seat-license/subscription usage is monitored, but no Strong yield expansion or migration mechanism is identified."
174,information_technology,18,AVGO,Broadcom,0001730168,F5,10-Q,2020-09-11,0001730168-20-000164,https://www.sec.gov/Archives/edgar/data/1730168/0001730168-20-000164.txt,VERIFIED_FROM_OFFICIAL_SEC_MASTER_INDEX,Corrected pre-T0 universe; sequential 10-Q/10-K under frozen H06 F5 rule,SP002,Moderate,IMPLEMENTATION,Software customers,Company-originated commercial model,"Software seat-license/subscription usage is monitored, but no Strong yield expansion or migration mechanism is identified."
175,information_technology,19,ACN,Accenture,0001467373,F1,10-K,2019-10-29,0001467373-19-000339,https://www.sec.gov/Archives/edgar/data/1467373/0001467373-19-000339.txt,VERIFIED_FROM_OFFICIAL_SEC_MASTER_INDEX,Corrected pre-T0 universe; sequential 10-Q/10-K under frozen H06 F5 rule,No Signal,N/A,N/A,N/A,N/A,Unauthorized-use and consumption references do not establish a qualifying customer-economic action.
175,information_technology,19,ACN,Accenture,0001467373,F2,10-Q,2019-12-19,0001467373-19-000395,https://www.sec.gov/Archives/edgar/data/1467373/0001467373-19-000395.txt,VERIFIED_FROM_OFFICIAL_SEC_MASTER_INDEX,Corrected pre-T0 universe; sequential 10-Q/10-K under frozen H06 F5 rule,No Signal,N/A,N/A,N/A,N/A,Unauthorized-use and consumption references do not establish a qualifying customer-economic action.
175,information_technology,19,ACN,Accenture,0001467373,F3,10-Q,2020-03-19,0001467373-20-000158,https://www.sec.gov/Archives/edgar/data/1467373/0001467373-20-000158.txt,VERIFIED_FROM_OFFICIAL_SEC_MASTER_INDEX,Corrected pre-T0 universe; sequential 10-Q/10-K under frozen H06 F5 rule,No Signal,N/A,N/A,N/A,N/A,Unauthorized-use and consumption references do not establish a qualifying customer-economic action.
175,information_technology,19,ACN,Accenture,0001467373,F4,10-Q,2020-06-25,0001467373-20-000251,https://www.sec.gov/Archives/edgar/data/1467373/0001467373-20-000251.txt,VERIFIED_FROM_OFFICIAL_SEC_MASTER_INDEX,Corrected pre-T0 universe; sequential 10-Q/10-K under frozen H06 F5 rule,No Signal,N/A,N/A,N/A,N/A,Unauthorized-use and consumption references do not establish a qualifying customer-economic action.
175,information_technology,19,ACN,Accenture,0001467373,F5,10-K,2020-10-22,0001467373-20-000376,https://www.sec.gov/Archives/edgar/data/1467373/0001467373-20-000376.txt,VERIFIED_FROM_OFFICIAL_SEC_MASTER_INDEX,Corrected pre-T0 universe; sequential 10-Q/10-K under frozen H06 F5 rule,No Signal,N/A,N/A,N/A,N/A,Unauthorized-use and consumption references do not establish a qualifying customer-economic action.
176,information_technology,20,LRCX,Lam Research,0000707549,F1,10-Q,2019-10-29,0000707549-19-000163,https://www.sec.gov/Archives/edgar/data/707549/0000707549-19-000163.txt,VERIFIED_FROM_OFFICIAL_SEC_MASTER_INDEX,Corrected pre-T0 universe; sequential 10-Q/10-K under frozen H06 F5 rule,No Signal,N/A,N/A,N/A,N/A,Lease renewals and hedge discontinuation are non-customer mechanics.
176,information_technology,20,LRCX,Lam Research,0000707549,F2,10-Q,2020-02-04,0000707549-20-000020,https://www.sec.gov/Archives/edgar/data/707549/0000707549-20-000020.txt,VERIFIED_FROM_OFFICIAL_SEC_MASTER_INDEX,Corrected pre-T0 universe; sequential 10-Q/10-K under frozen H06 F5 rule,No Signal,N/A,N/A,N/A,N/A,Lease renewals and hedge discontinuation are non-customer mechanics.
176,information_technology,20,LRCX,Lam Research,0000707549,F3,10-Q,2020-04-28,0000707549-20-000081,https://www.sec.gov/Archives/edgar/data/707549/0000707549-20-000081.txt,VERIFIED_FROM_OFFICIAL_SEC_MASTER_INDEX,Corrected pre-T0 universe; sequential 10-Q/10-K under frozen H06 F5 rule,No Signal,N/A,N/A,N/A,N/A,Lease renewals and hedge discontinuation are non-customer mechanics.
176,information_technology,20,LRCX,Lam Research,0000707549,F4,10-K,2020-08-18,0000707549-20-000138,https://www.sec.gov/Archives/edgar/data/707549/0000707549-20-000138.txt,VERIFIED_FROM_OFFICIAL_SEC_MASTER_INDEX,Corrected pre-T0 universe; sequential 10-Q/10-K under frozen H06 F5 rule,No Signal,N/A,N/A,N/A,N/A,Lease renewals and hedge discontinuation are non-customer mechanics.
176,information_technology,20,LRCX,Lam Research,0000707549,F5,10-Q,2020-10-27,0000707549-20-000173,https://www.sec.gov/Archives/edgar/data/707549/0000707549-20-000173.txt,VERIFIED_FROM_OFFICIAL_SEC_MASTER_INDEX,Corrected pre-T0 universe; sequential 10-Q/10-K under frozen H06 F5 rule,No Signal,N/A,N/A,N/A,N/A,Lease renewals and hedge discontinuation are non-customer mechanics.
177,information_technology,21,SNPS,Synopsys,0000883241,F1,10-Q,2019-08-26,0000883241-19-000015,https://www.sec.gov/Archives/edgar/data/883241/0000883241-19-000015.txt,VERIFIED_FROM_OFFICIAL_SEC_MASTER_INDEX,Corrected pre-T0 universe; sequential 10-Q/10-K under frozen H06 F5 rule,SP002,Moderate,IMPLEMENTATION,EDA/IP customers,Company-originated commercial model,"Time-based technology subscription licenses and usage royalties are established monetization architecture, without a Strong new mechanism."
177,information_technology,21,SNPS,Synopsys,0000883241,F2,10-K,2019-12-20,0000883241-19-000019,https://www.sec.gov/Archives/edgar/data/883241/0000883241-19-000019.txt,VERIFIED_FROM_OFFICIAL_SEC_MASTER_INDEX,Corrected pre-T0 universe; sequential 10-Q/10-K under frozen H06 F5 rule,SP002,Moderate,IMPLEMENTATION,EDA/IP customers,Company-originated commercial model,"Time-based technology subscription licenses and usage royalties are established monetization architecture, without a Strong new mechanism."
177,information_technology,21,SNPS,Synopsys,0000883241,F3,10-Q,2020-02-21,0000883241-20-000006,https://www.sec.gov/Archives/edgar/data/883241/0000883241-20-000006.txt,VERIFIED_FROM_OFFICIAL_SEC_MASTER_INDEX,Corrected pre-T0 universe; sequential 10-Q/10-K under frozen H06 F5 rule,SP002,Moderate,IMPLEMENTATION,EDA/IP customers,Company-originated commercial model,"Time-based technology subscription licenses and usage royalties are established monetization architecture, without a Strong new mechanism."
177,information_technology,21,SNPS,Synopsys,0000883241,F4,10-Q,2020-05-22,0000883241-20-000009,https://www.sec.gov/Archives/edgar/data/883241/0000883241-20-000009.txt,VERIFIED_FROM_OFFICIAL_SEC_MASTER_INDEX,Corrected pre-T0 universe; sequential 10-Q/10-K under frozen H06 F5 rule,SP002,Moderate,IMPLEMENTATION,EDA/IP customers,Company-originated commercial model,"Time-based technology subscription licenses and usage royalties are established monetization architecture, without a Strong new mechanism."
177,information_technology,21,SNPS,Synopsys,0000883241,F5,10-Q,2020-08-21,0000883241-20-000012,https://www.sec.gov/Archives/edgar/data/883241/0000883241-20-000012.txt,VERIFIED_FROM_OFFICIAL_SEC_MASTER_INDEX,Corrected pre-T0 universe; sequential 10-Q/10-K under frozen H06 F5 rule,SP002,Moderate,IMPLEMENTATION,EDA/IP customers,Company-originated commercial model,"Time-based technology subscription licenses and usage royalties are established monetization architecture, without a Strong new mechanism."
178,information_technology,22,WDC,Western Digital,0000106040,F1,10-Q,2019-11-12,0000106040-19-000075,https://www.sec.gov/Archives/edgar/data/106040/0000106040-19-000075.txt,VERIFIED_FROM_OFFICIAL_SEC_MASTER_INDEX,Corrected pre-T0 universe; sequential 10-Q/10-K under frozen H06 F5 rule,SP002,Moderate,IMPLEMENTATION,IP/support customers,Company-originated commercial model,Usage-based royalties and support/maintenance contracts are established; no material strengthening.
178,information_technology,22,WDC,Western Digital,0000106040,F2,10-Q,2020-02-11,0000106040-20-000011,https://www.sec.gov/Archives/edgar/data/106040/0000106040-20-000011.txt,VERIFIED_FROM_OFFICIAL_SEC_MASTER_INDEX,Corrected pre-T0 universe; sequential 10-Q/10-K under frozen H06 F5 rule,SP002,Moderate,IMPLEMENTATION,IP/support customers,Company-originated commercial model,Usage-based royalties and support/maintenance contracts are established; no material strengthening.
178,information_technology,22,WDC,Western Digital,0000106040,F3,10-Q,2020-05-08,0000106040-20-000024,https://www.sec.gov/Archives/edgar/data/106040/0000106040-20-000024.txt,VERIFIED_FROM_OFFICIAL_SEC_MASTER_INDEX,Corrected pre-T0 universe; sequential 10-Q/10-K under frozen H06 F5 rule,SP002,Moderate,IMPLEMENTATION,IP/support customers,Company-originated commercial model,Usage-based royalties and support/maintenance contracts are established; no material strengthening.
178,information_technology,22,WDC,Western Digital,0000106040,F4,10-K,2020-08-28,0000106040-20-000049,https://www.sec.gov/Archives/edgar/data/106040/0000106040-20-000049.txt,VERIFIED_FROM_OFFICIAL_SEC_MASTER_INDEX,Corrected pre-T0 universe; sequential 10-Q/10-K under frozen H06 F5 rule,SP002,Moderate,IMPLEMENTATION,IP/support customers,Company-originated commercial model,Usage-based royalties and support/maintenance contracts are established; no material strengthening.
178,information_technology,22,WDC,Western Digital,0000106040,F5,10-Q,2020-11-06,0000106040-20-000061,https://www.sec.gov/Archives/edgar/data/106040/0000106040-20-000061.txt,VERIFIED_FROM_OFFICIAL_SEC_MASTER_INDEX,Corrected pre-T0 universe; sequential 10-Q/10-K under frozen H06 F5 rule,SP002,Moderate,IMPLEMENTATION,IP/support customers,Company-originated commercial model,Usage-based royalties and support/maintenance contracts are established; no material strengthening.
179,information_technology,23,HPQ,HP Inc.,0000047217,F1,10-Q,2019-08-29,0000047217-19-000048,https://www.sec.gov/Archives/edgar/data/47217/0000047217-19-000048.txt,VERIFIED_FROM_OFFICIAL_SEC_MASTER_INDEX,Corrected pre-T0 universe; sequential 10-Q/10-K under frozen H06 F5 rule,SP002,Moderate,IMPLEMENTATION,Printing customers,Company-originated commercial model,"Instant Ink and continuous-supply subscriptions expand monetization of the installed customer base, but the model is already present and not Strong at F5."
179,information_technology,23,HPQ,HP Inc.,0000047217,F2,10-K,2019-12-12,0000047217-19-000071,https://www.sec.gov/Archives/edgar/data/47217/0000047217-19-000071.txt,VERIFIED_FROM_OFFICIAL_SEC_MASTER_INDEX,Corrected pre-T0 universe; sequential 10-Q/10-K under frozen H06 F5 rule,SP002,Moderate,IMPLEMENTATION,Printing customers,Company-originated commercial model,"Instant Ink and continuous-supply subscriptions expand monetization of the installed customer base, but the model is already present and not Strong at F5."
179,information_technology,23,HPQ,HP Inc.,0000047217,F3,10-Q,2020-03-05,0000047217-20-000006,https://www.sec.gov/Archives/edgar/data/47217/0000047217-20-000006.txt,VERIFIED_FROM_OFFICIAL_SEC_MASTER_INDEX,Corrected pre-T0 universe; sequential 10-Q/10-K under frozen H06 F5 rule,SP002,Moderate,IMPLEMENTATION,Printing customers,Company-originated commercial model,"Instant Ink and continuous-supply subscriptions expand monetization of the installed customer base, but the model is already present and not Strong at F5."
179,information_technology,23,HPQ,HP Inc.,0000047217,F4,10-Q,2020-06-05,0000047217-20-000020,https://www.sec.gov/Archives/edgar/data/47217/0000047217-20-000020.txt,VERIFIED_FROM_OFFICIAL_SEC_MASTER_INDEX,Corrected pre-T0 universe; sequential 10-Q/10-K under frozen H06 F5 rule,SP002,Moderate,IMPLEMENTATION,Printing customers,Company-originated commercial model,"Instant Ink and continuous-supply subscriptions expand monetization of the installed customer base, but the model is already present and not Strong at F5."
179,information_technology,23,HPQ,HP Inc.,0000047217,F5,10-Q,2020-09-04,0000047217-20-000034,https://www.sec.gov/Archives/edgar/data/47217/0000047217-20-000034.txt,VERIFIED_FROM_OFFICIAL_SEC_MASTER_INDEX,Corrected pre-T0 universe; sequential 10-Q/10-K under frozen H06 F5 rule,SP002,Moderate,IMPLEMENTATION,Printing customers,Company-originated commercial model,"Instant Ink and continuous-supply subscriptions expand monetization of the installed customer base, but the model is already present and not Strong at F5."
180,information_technology,24,MSFT,Microsoft,0000789019,F1,10-Q,2019-10-23,0001564590-19-037549,https://www.sec.gov/Archives/edgar/data/789019/0001564590-19-037549.txt,VERIFIED_FROM_OFFICIAL_SEC_MASTER_INDEX,Corrected pre-T0 universe; sequential 10-Q/10-K under frozen H06 F5 rule,SP002,Moderate,IMPLEMENTATION,Office/Microsoft 365 customers,Company-originated commercial model,Subscription and licensed on-premises models coexist throughout the frozen filings; no new Strong customer-yield action is identified.
180,information_technology,24,MSFT,Microsoft,0000789019,F2,10-Q,2020-01-29,0001564590-20-002450,https://www.sec.gov/Archives/edgar/data/789019/0001564590-20-002450.txt,VERIFIED_FROM_OFFICIAL_SEC_MASTER_INDEX,Corrected pre-T0 universe; sequential 10-Q/10-K under frozen H06 F5 rule,SP002,Moderate,IMPLEMENTATION,Office/Microsoft 365 customers,Company-originated commercial model,Subscription and licensed on-premises models coexist throughout the frozen filings; no new Strong customer-yield action is identified.
180,information_technology,24,MSFT,Microsoft,0000789019,F3,10-Q,2020-04-29,0001564590-20-019706,https://www.sec.gov/Archives/edgar/data/789019/0001564590-20-019706.txt,VERIFIED_FROM_OFFICIAL_SEC_MASTER_INDEX,Corrected pre-T0 universe; sequential 10-Q/10-K under frozen H06 F5 rule,SP002,Moderate,IMPLEMENTATION,Office/Microsoft 365 customers,Company-originated commercial model,Subscription and licensed on-premises models coexist throughout the frozen filings; no new Strong customer-yield action is identified.
180,information_technology,24,MSFT,Microsoft,0000789019,F4,10-K,2020-07-30,0001564590-20-034944,https://www.sec.gov/Archives/edgar/data/789019/0001564590-20-034944.txt,VERIFIED_FROM_OFFICIAL_SEC_MASTER_INDEX,Corrected pre-T0 universe; sequential 10-Q/10-K under frozen H06 F5 rule,SP002,Moderate,IMPLEMENTATION,Office/Microsoft 365 customers,Company-originated commercial model,Subscription and licensed on-premises models coexist throughout the frozen filings; no new Strong customer-yield action is identified.
180,information_technology,24,MSFT,Microsoft,0000789019,F5,10-Q,2020-10-27,0001564590-20-047996,https://www.sec.gov/Archives/edgar/data/789019/0001564590-20-047996.txt,VERIFIED_FROM_OFFICIAL_SEC_MASTER_INDEX,Corrected pre-T0 universe; sequential 10-Q/10-K under frozen H06 F5 rule,SP002,Moderate,IMPLEMENTATION,Office/Microsoft 365 customers,Company-originated commercial model,Subscription and licensed on-premises models coexist throughout the frozen filings; no new Strong customer-yield action is identified.
181,information_technology,25,QRVO,Qorvo,0001604778,F1,10-Q,2019-11-01,0001604778-19-000084,https://www.sec.gov/Archives/edgar/data/1604778/0001604778-19-000084.txt,VERIFIED_FROM_OFFICIAL_SEC_MASTER_INDEX,Corrected pre-T0 universe; sequential 10-Q/10-K under frozen H06 F5 rule,No Signal,N/A,N/A,N/A,N/A,ASP erosion and network migration are market/product conditions rather than a company-originated customer-economic action.
181,information_technology,25,QRVO,Qorvo,0001604778,F2,10-Q,2020-01-30,0001604778-20-000008,https://www.sec.gov/Archives/edgar/data/1604778/0001604778-20-000008.txt,VERIFIED_FROM_OFFICIAL_SEC_MASTER_INDEX,Corrected pre-T0 universe; sequential 10-Q/10-K under frozen H06 F5 rule,No Signal,N/A,N/A,N/A,N/A,ASP erosion and network migration are market/product conditions rather than a company-originated customer-economic action.
181,information_technology,25,QRVO,Qorvo,0001604778,F3,10-K,2020-05-20,0001604778-20-000030,https://www.sec.gov/Archives/edgar/data/1604778/0001604778-20-000030.txt,VERIFIED_FROM_OFFICIAL_SEC_MASTER_INDEX,Corrected pre-T0 universe; sequential 10-Q/10-K under frozen H06 F5 rule,No Signal,N/A,N/A,N/A,N/A,ASP erosion and network migration are market/product conditions rather than a company-originated customer-economic action.
181,information_technology,25,QRVO,Qorvo,0001604778,F4,10-Q,2020-07-30,0001604778-20-000057,https://www.sec.gov/Archives/edgar/data/1604778/0001604778-20-000057.txt,VERIFIED_FROM_OFFICIAL_SEC_MASTER_INDEX,Corrected pre-T0 universe; sequential 10-Q/10-K under frozen H06 F5 rule,No Signal,N/A,N/A,N/A,N/A,ASP erosion and network migration are market/product conditions rather than a company-originated customer-economic action.
181,information_technology,25,QRVO,Qorvo,0001604778,F5,10-Q,2020-11-05,0001604778-20-000086,https://www.sec.gov/Archives/edgar/data/1604778/0001604778-20-000086.txt,VERIFIED_FROM_OFFICIAL_SEC_MASTER_INDEX,Corrected pre-T0 universe; sequential 10-Q/10-K under frozen H06 F5 rule,No Signal,N/A,N/A,N/A,N/A,ASP erosion and network migration are market/product conditions rather than a company-originated customer-economic action.
182,information_technology,26,ZBRA,Zebra Technologies,0000877212,F1,10-Q,2019-10-30,0000877212-19-000034,https://www.sec.gov/Archives/edgar/data/877212/0000877212-19-000034.txt,VERIFIED_FROM_OFFICIAL_SEC_MASTER_INDEX,Corrected pre-T0 universe; sequential 10-Q/10-K under frozen H06 F5 rule,SP002,Moderate,IMPLEMENTATION,Enterprise customers,Company-originated commercial model,"Maintenance, cloud subscriptions and services are recurring paid offerings but remain an established architecture without material strengthening."
182,information_technology,26,ZBRA,Zebra Technologies,0000877212,F2,10-K,2020-02-13,0000877212-20-000006,https://www.sec.gov/Archives/edgar/data/877212/0000877212-20-000006.txt,VERIFIED_FROM_OFFICIAL_SEC_MASTER_INDEX,Corrected pre-T0 universe; sequential 10-Q/10-K under frozen H06 F5 rule,SP002,Moderate,IMPLEMENTATION,Enterprise customers,Company-originated commercial model,"Maintenance, cloud subscriptions and services are recurring paid offerings but remain an established architecture without material strengthening."
182,information_technology,26,ZBRA,Zebra Technologies,0000877212,F3,10-Q,2020-04-28,0000877212-20-000022,https://www.sec.gov/Archives/edgar/data/877212/0000877212-20-000022.txt,VERIFIED_FROM_OFFICIAL_SEC_MASTER_INDEX,Corrected pre-T0 universe; sequential 10-Q/10-K under frozen H06 F5 rule,SP002,Moderate,IMPLEMENTATION,Enterprise customers,Company-originated commercial model,"Maintenance, cloud subscriptions and services are recurring paid offerings but remain an established architecture without material strengthening."
182,information_technology,26,ZBRA,Zebra Technologies,0000877212,F4,10-Q,2020-07-28,0000877212-20-000146,https://www.sec.gov/Archives/edgar/data/877212/0000877212-20-000146.txt,VERIFIED_FROM_OFFICIAL_SEC_MASTER_INDEX,Corrected pre-T0 universe; sequential 10-Q/10-K under frozen H06 F5 rule,SP002,Moderate,IMPLEMENTATION,Enterprise customers,Company-originated commercial model,"Maintenance, cloud subscriptions and services are recurring paid offerings but remain an established architecture without material strengthening."
182,information_technology,26,ZBRA,Zebra Technologies,0000877212,F5,10-Q,2020-11-03,0000877212-20-000169,https://www.sec.gov/Archives/edgar/data/877212/0000877212-20-000169.txt,VERIFIED_FROM_OFFICIAL_SEC_MASTER_INDEX,Corrected pre-T0 universe; sequential 10-Q/10-K under frozen H06 F5 rule,SP002,Moderate,IMPLEMENTATION,Enterprise customers,Company-originated commercial model,"Maintenance, cloud subscriptions and services are recurring paid offerings but remain an established architecture without material strengthening."
183,information_technology,27,CTSH,Cognizant,0001058290,F1,10-Q,2019-10-31,0001058290-19-000036,https://www.sec.gov/Archives/edgar/data/1058290/0001058290-19-000036.txt,VERIFIED_FROM_OFFICIAL_SEC_MASTER_INDEX,Corrected pre-T0 universe; sequential 10-Q/10-K under frozen H06 F5 rule,No Signal,N/A,N/A,N/A,N/A,Visa renewal/migration and accounting references are non-qualifying.
183,information_technology,27,CTSH,Cognizant,0001058290,F2,10-K,2020-02-14,0001058290-20-000008,https://www.sec.gov/Archives/edgar/data/1058290/0001058290-20-000008.txt,VERIFIED_FROM_OFFICIAL_SEC_MASTER_INDEX,Corrected pre-T0 universe; sequential 10-Q/10-K under frozen H06 F5 rule,No Signal,N/A,N/A,N/A,N/A,Visa renewal/migration and accounting references are non-qualifying.
183,information_technology,27,CTSH,Cognizant,0001058290,F3,10-Q,2020-05-08,0001058290-20-000033,https://www.sec.gov/Archives/edgar/data/1058290/0001058290-20-000033.txt,VERIFIED_FROM_OFFICIAL_SEC_MASTER_INDEX,Corrected pre-T0 universe; sequential 10-Q/10-K under frozen H06 F5 rule,No Signal,N/A,N/A,N/A,N/A,Visa renewal/migration and accounting references are non-qualifying.
183,information_technology,27,CTSH,Cognizant,0001058290,F4,10-Q,2020-07-30,0001058290-20-000048,https://www.sec.gov/Archives/edgar/data/1058290/0001058290-20-000048.txt,VERIFIED_FROM_OFFICIAL_SEC_MASTER_INDEX,Corrected pre-T0 universe; sequential 10-Q/10-K under frozen H06 F5 rule,No Signal,N/A,N/A,N/A,N/A,Visa renewal/migration and accounting references are non-qualifying.
183,information_technology,27,CTSH,Cognizant,0001058290,F5,10-Q,2020-10-29,0001058290-20-000137,https://www.sec.gov/Archives/edgar/data/1058290/0001058290-20-000137.txt,VERIFIED_FROM_OFFICIAL_SEC_MASTER_INDEX,Corrected pre-T0 universe; sequential 10-Q/10-K under frozen H06 F5 rule,No Signal,N/A,N/A,N/A,N/A,Visa renewal/migration and accounting references are non-qualifying.
184,information_technology,28,WU,Western Union,0001365135,F1,10-Q,2019-10-31,0001558370-19-009577,https://www.sec.gov/Archives/edgar/data/1365135/0001558370-19-009577.txt,VERIFIED_FROM_OFFICIAL_SEC_MASTER_INDEX,Corrected pre-T0 universe; sequential 10-Q/10-K under frozen H06 F5 rule,No Signal,N/A,N/A,N/A,N/A,Migration-pattern and regulatory-license references do not describe a qualifying customer-economic action.
184,information_technology,28,WU,Western Union,0001365135,F2,10-K,2020-02-20,0001558370-20-001090,https://www.sec.gov/Archives/edgar/data/1365135/0001558370-20-001090.txt,VERIFIED_FROM_OFFICIAL_SEC_MASTER_INDEX,Corrected pre-T0 universe; sequential 10-Q/10-K under frozen H06 F5 rule,No Signal,N/A,N/A,N/A,N/A,Migration-pattern and regulatory-license references do not describe a qualifying customer-economic action.
184,information_technology,28,WU,Western Union,0001365135,F3,10-Q,2020-05-05,0001558370-20-005200,https://www.sec.gov/Archives/edgar/data/1365135/0001558370-20-005200.txt,VERIFIED_FROM_OFFICIAL_SEC_MASTER_INDEX,Corrected pre-T0 universe; sequential 10-Q/10-K under frozen H06 F5 rule,No Signal,N/A,N/A,N/A,N/A,Migration-pattern and regulatory-license references do not describe a qualifying customer-economic action.
184,information_technology,28,WU,Western Union,0001365135,F4,10-Q,2020-08-04,0001558370-20-009217,https://www.sec.gov/Archives/edgar/data/1365135/0001558370-20-009217.txt,VERIFIED_FROM_OFFICIAL_SEC_MASTER_INDEX,Corrected pre-T0 universe; sequential 10-Q/10-K under frozen H06 F5 rule,No Signal,N/A,N/A,N/A,N/A,Migration-pattern and regulatory-license references do not describe a qualifying customer-economic action.
184,information_technology,28,WU,Western Union,0001365135,F5,10-Q,2020-10-29,0001558370-20-012046,https://www.sec.gov/Archives/edgar/data/1365135/0001558370-20-012046.txt,VERIFIED_FROM_OFFICIAL_SEC_MASTER_INDEX,Corrected pre-T0 universe; sequential 10-Q/10-K under frozen H06 F5 rule,No Signal,N/A,N/A,N/A,N/A,Migration-pattern and regulatory-license references do not describe a qualifying customer-economic action.
